{
  "feed": {
    "title": "Hot Tracks",
    "id": "https://rss.itunes.apple.com/api/v1/th/apple-music/hot-tracks/all/50/explicit.json",
    "author": {
      "name": "iTunes Store",
      "uri": "http://wwww.apple.com/th/itunes/"
    },
    "links": [
      {
        "self": "https://rss.itunes.apple.com/api/v1/th/apple-music/hot-tracks/all/50/explicit.json"
      },
      {
        "alternate": "https://itunes.apple.com/WebObjects/MZStore.woa/wa/viewRoom?fcId=1165618791&app=music"
      }
    ],
    "copyright": "Copyright © 2018 Apple Inc. All rights reserved.",
    "country": "th",
    "icon": "http://itunes.apple.com/favicon.ico",
    "updated": "2018-11-08T01:56:25.000-08:00",
    "results": [
      {
        "artistName": "Polycat",
        "id": "1440040343",
        "releaseDate": "2018-11-05",
        "name": "ดูดี",
        "collectionName": "ดูดี - Single",
        "kind": "song",
        "copyright": "℗ 2018 Smallroom Bangkok Pop Music Label",
        "artistId": "253438210",
        "artistUrl": "https://itunes.apple.com/th/artist/polycat/253438210?app=music",
        "artworkUrl100": "https://is3-ssl.mzstatic.com/image/thumb/Music128/v4/aa/df/26/aadf2697-0216-d161-9fc4-ae071128f838/source/200x200bb.png",
        "genres": [
          {
            "genreId": "15",
            "name": "R&B/Soul",
            "url": "https://itunes.apple.com/th/genre/id15"
          },
          {
            "genreId": "34",
            "name": "Music",
            "url": "https://itunes.apple.com/th/genre/id34"
          }
        ],
        "url": "https://itunes.apple.com/th/album/%E0%B8%94-%E0%B8%94/1440040342?i=1440040343&app=music"
      },
      {
        "artistName": "Ink Waruntorn",
        "id": "1439424602",
        "releaseDate": "2018-11-02",
        "name": "ความลับมีในโลก",
        "collectionName": "ความลับมีในโลก - Single",
        "kind": "song",
        "copyright": "℗ 2018 Boxx Music",
        "artistId": "1085511635",
        "artistUrl": "https://itunes.apple.com/th/artist/ink-waruntorn/1085511635?app=music",
        "artworkUrl100": "https://is2-ssl.mzstatic.com/image/thumb/Music118/v4/5e/d9/d6/5ed9d69a-d72e-0f21-8a8f-56f231eb39be/source/200x200bb.png",
        "genres": [
          {
            "genreId": "14",
            "name": "Pop",
            "url": "https://itunes.apple.com/th/genre/id14"
          },
          {
            "genreId": "34",
            "name": "Music",
            "url": "https://itunes.apple.com/th/genre/id34"
          }
        ],
        "url": "https://itunes.apple.com/th/album/%E0%B8%84%E0%B8%A7%E0%B8%B2%E0%B8%A1%E0%B8%A5-%E0%B8%9A%E0%B8%A1-%E0%B9%83%E0%B8%99%E0%B9%82%E0%B8%A5%E0%B8%81/1439424599?i=1439424602&app=music"
      },
      {
        "artistName": "benny blanco & Calvin Harris",
        "id": "1440016616",
        "releaseDate": "2018-11-02",
        "name": "I Found You",
        "collectionName": "I Found You - Single",
        "kind": "song",
        "copyright": "℗ 2018 Friends Keep Secrets/Interscope Records",
        "artistId": "1410841257",
        "artistUrl": "https://itunes.apple.com/WebObjects/MZStore.woa/wa/viewCollaboration?cc=th&ids=1410841257-201955086&app=music",
        "artworkUrl100": "https://is3-ssl.mzstatic.com/image/thumb/Music118/v4/a8/ee/50/a8ee5016-3889-d896-163a-763b1c324353/source/200x200bb.png",
        "genres": [
          {
            "genreId": "14",
            "name": "Pop",
            "url": "https://itunes.apple.com/th/genre/id14"
          },
          {
            "genreId": "34",
            "name": "Music",
            "url": "https://itunes.apple.com/th/genre/id34"
          }
        ],
        "url": "https://itunes.apple.com/th/album/i-found-you/1440016615?i=1440016616&app=music"
      },
      {
        "artistName": "Loopy, Kid milli & pH-1",
        "id": "1438199076",
        "releaseDate": "2018-10-06",
        "name": "Good Day (feat. Paloalto) [Prod. CODE KUNST]",
        "collectionName": "Show Me the Money 777 (Episode 1)",
        "kind": "song",
        "copyright": "℗ Stone Music Entertainment",
        "artistId": "78596764",
        "artistUrl": "https://itunes.apple.com/WebObjects/MZStore.woa/wa/viewCollaboration?cc=th&ids=78596764-998838184-1173422048&app=music",
        "artworkUrl100": "https://is2-ssl.mzstatic.com/image/thumb/Music128/v4/0e/0f/44/0e0f44ea-0ba9-df43-72f8-e86cbcaaa148/source/200x200bb.png",
        "genres": [
          {
            "genreId": "1172",
            "name": "TV Soundtrack",
            "url": "https://itunes.apple.com/th/genre/id1172"
          },
          {
            "genreId": "34",
            "name": "Music",
            "url": "https://itunes.apple.com/th/genre/id34"
          },
          {
            "genreId": "16",
            "name": "Soundtrack",
            "url": "https://itunes.apple.com/th/genre/id16"
          },
          {
            "genreId": "18",
            "name": "Hip-Hop/Rap",
            "url": "https://itunes.apple.com/th/genre/id18"
          },
          {
            "genreId": "1242",
            "name": "Korean Hip-Hop",
            "url": "https://itunes.apple.com/th/genre/id1242"
          }
        ],
        "url": "https://itunes.apple.com/th/album/good-day-feat-paloalto-prod-code-kunst/1438199070?i=1438199076&app=music"
      },
      {
        "artistName": "Lydia",
        "id": "1439263366",
        "releaseDate": "2018-11-01",
        "name": "สวัสดีครับ",
        "collectionName": "สวัสดีครับ - Single",
        "kind": "song",
        "copyright": "℗ 2018 Sugar Mama Co., Ltd.",
        "artistId": "1314102690",
        "artistUrl": "https://itunes.apple.com/th/artist/lydia/1314102690?app=music",
        "artworkUrl100": "https://is2-ssl.mzstatic.com/image/thumb/Music118/v4/5f/54/6d/5f546d91-c251-714d-aaf5-fb8656848fb8/source/200x200bb.png",
        "genres": [
          {
            "genreId": "14",
            "name": "Pop",
            "url": "https://itunes.apple.com/th/genre/id14"
          },
          {
            "genreId": "34",
            "name": "Music",
            "url": "https://itunes.apple.com/th/genre/id34"
          }
        ],
        "url": "https://itunes.apple.com/th/album/%E0%B8%AA%E0%B8%A7-%E0%B8%AA%E0%B8%94-%E0%B8%84%E0%B8%A3-%E0%B8%9A/1439263364?i=1439263366&app=music"
      },
      {
        "artistName": "Anne-Marie",
        "id": "1440176710",
        "releaseDate": "2018-11-02",
        "name": "Perfect to Me",
        "collectionName": "Perfect to Me - Single",
        "kind": "song",
        "copyright": "℗ 2018 Major Tom's / Asylum Records, a division of Warner Music UK Limited",
        "artistId": "474724108",
        "artistUrl": "https://itunes.apple.com/th/artist/anne-marie/474724108?app=music",
        "artworkUrl100": "https://is3-ssl.mzstatic.com/image/thumb/Music128/v4/8d/d4/34/8dd4345b-9662-af66-e3e0-7c43c2cdc632/source/200x200bb.png",
        "genres": [
          {
            "genreId": "14",
            "name": "Pop",
            "url": "https://itunes.apple.com/th/genre/id14"
          },
          {
            "genreId": "34",
            "name": "Music",
            "url": "https://itunes.apple.com/th/genre/id34"
          }
        ],
        "url": "https://itunes.apple.com/th/album/perfect-to-me/1440176708?i=1440176710&app=music"
      },
      {
        "artistName": "ToR+ Saksit",
        "id": "1439764771",
        "releaseDate": "2018-11-02",
        "name": "ยิ้มก็พอ (feat. Wonderframe)",
        "collectionName": "ยิ้มก็พอ (feat. Wonderframe) - Single",
        "kind": "song",
        "copyright": "℗ 2018 Bec-Tero Entertainment Public Company Limited",
        "artistId": "284815629",
        "artistUrl": "https://itunes.apple.com/th/artist/tor-saksit/284815629?app=music",
        "artworkUrl100": "https://is3-ssl.mzstatic.com/image/thumb/Music128/v4/fd/21/ab/fd21abb6-b00e-bcde-3acb-7e00f6432e4f/source/200x200bb.png",
        "genres": [
          {
            "genreId": "14",
            "name": "Pop",
            "url": "https://itunes.apple.com/th/genre/id14"
          },
          {
            "genreId": "34",
            "name": "Music",
            "url": "https://itunes.apple.com/th/genre/id34"
          }
        ],
        "url": "https://itunes.apple.com/th/album/%E0%B8%A2-%E0%B8%A1%E0%B8%81-%E0%B8%9E%E0%B8%AD-feat-wonderframe/1439764768?i=1439764771&app=music"
      },
      {
        "artistName": "H.E.R.",
        "id": "1440531682",
        "releaseDate": "2018-11-02",
        "name": "Carried Away",
        "collectionName": "I Used to Know Her: Part 2 - EP",
        "kind": "song",
        "copyright": "℗ 2018 RCA Records, a division of Sony Music Entertainment",
        "artistId": "123049323",
        "artistUrl": "https://itunes.apple.com/th/artist/h-e-r/123049323?app=music",
        "artworkUrl100": "https://is2-ssl.mzstatic.com/image/thumb/Music128/v4/8b/6a/14/8b6a1451-a9b2-1f02-b114-c800cae748f8/source/200x200bb.png",
        "genres": [
          {
            "genreId": "15",
            "name": "R&B/Soul",
            "url": "https://itunes.apple.com/th/genre/id15"
          },
          {
            "genreId": "34",
            "name": "Music",
            "url": "https://itunes.apple.com/th/genre/id34"
          }
        ],
        "url": "https://itunes.apple.com/th/album/carried-away/1440531681?i=1440531682&app=music"
      },
      {
        "artistName": "อาย ญาณิน",
        "id": "1438733294",
        "releaseDate": "2018-11-02",
        "name": "เช่นเคย",
        "collectionName": "เช่นเคย - Single",
        "kind": "song",
        "copyright": "℗ 2018 GMM Grammy PCL.",
        "artistId": "1438733292",
        "artistUrl": "https://itunes.apple.com/th/artist/%E0%B8%AD%E0%B8%B2%E0%B8%A2-%E0%B8%8D%E0%B8%B2%E0%B8%93-%E0%B8%99/1438733292?app=music",
        "artworkUrl100": "https://is1-ssl.mzstatic.com/image/thumb/Music128/v4/0d/75/cd/0d75cd36-dc3d-0ffd-a970-89ac032f803f/source/200x200bb.png",
        "genres": [
          {
            "genreId": "14",
            "name": "Pop",
            "url": "https://itunes.apple.com/th/genre/id14"
          },
          {
            "genreId": "34",
            "name": "Music",
            "url": "https://itunes.apple.com/th/genre/id34"
          }
        ],
        "url": "https://itunes.apple.com/th/album/%E0%B9%80%E0%B8%8A-%E0%B8%99%E0%B9%80%E0%B8%84%E0%B8%A2/1438733260?i=1438733294&app=music"
      },
      {
        "artistName": "Plastic Plastic",
        "id": "1439264666",
        "releaseDate": "2018-11-01",
        "name": "Summer Hibernation",
        "collectionName": "Summer Hibernation - Single",
        "kind": "song",
        "copyright": "℗ 2018 Whattheduck",
        "artistId": "550958418",
        "artistUrl": "https://itunes.apple.com/th/artist/plastic-plastic/550958418?app=music",
        "artworkUrl100": "https://is2-ssl.mzstatic.com/image/thumb/Music118/v4/aa/a6/14/aaa614bf-aef2-5326-7c6a-fda965bd6237/source/200x200bb.png",
        "genres": [
          {
            "genreId": "14",
            "name": "Pop",
            "url": "https://itunes.apple.com/th/genre/id14"
          },
          {
            "genreId": "34",
            "name": "Music",
            "url": "https://itunes.apple.com/th/genre/id34"
          }
        ],
        "url": "https://itunes.apple.com/th/album/summer-hibernation/1439264492?i=1439264666&app=music"
      },
      {
        "artistName": "Bodyslam",
        "id": "1439419670",
        "releaseDate": "2018-10-30",
        "name": "ครึ่งๆ กลางๆ",
        "collectionName": "ครึ่งๆ กลางๆ - Single",
        "kind": "song",
        "copyright": "℗ 2018 GMM Grammy PCL.",
        "artistId": "301727614",
        "artistUrl": "https://itunes.apple.com/th/artist/bodyslam/301727614?app=music",
        "artworkUrl100": "https://is5-ssl.mzstatic.com/image/thumb/Music118/v4/c3/e8/c4/c3e8c463-17f0-b196-7cc3-3813046419f0/source/200x200bb.png",
        "genres": [
          {
            "genreId": "21",
            "name": "Rock",
            "url": "https://itunes.apple.com/th/genre/id21"
          },
          {
            "genreId": "34",
            "name": "Music",
            "url": "https://itunes.apple.com/th/genre/id34"
          }
        ],
        "url": "https://itunes.apple.com/th/album/%E0%B8%84%E0%B8%A3-%E0%B8%87%E0%B9%86-%E0%B8%81%E0%B8%A5%E0%B8%B2%E0%B8%87%E0%B9%86/1439419669?i=1439419670&app=music"
      },
      {
        "artistName": "Khalid",
        "id": "1438912966",
        "releaseDate": "2018-10-19",
        "name": "Saturday Nights",
        "collectionName": "Suncity",
        "kind": "song",
        "copyright": "℗ 2018 RCA Records, a division of Sony Music Entertainment",
        "artistId": "82842423",
        "artistUrl": "https://itunes.apple.com/th/artist/khalid/82842423?app=music",
        "artworkUrl100": "https://is5-ssl.mzstatic.com/image/thumb/Music118/v4/1a/79/00/1a7900fb-c3e7-b694-60f9-702a1c64acdc/source/200x200bb.png",
        "genres": [
          {
            "genreId": "15",
            "name": "R&B/Soul",
            "url": "https://itunes.apple.com/th/genre/id15"
          },
          {
            "genreId": "34",
            "name": "Music",
            "url": "https://itunes.apple.com/th/genre/id34"
          }
        ],
        "url": "https://itunes.apple.com/th/album/saturday-nights/1438912699?i=1438912966&app=music"
      },
      {
        "artistName": "Twopee Southside",
        "id": "1440118892",
        "releaseDate": "2018-10-26",
        "name": "Video Call",
        "collectionName": "Video Call - Single",
        "kind": "song",
        "copyright": "℗ 2018 Thaitanium Publishing",
        "artistId": "1032364106",
        "artistUrl": "https://itunes.apple.com/th/artist/twopee-southside/1032364106?app=music",
        "artworkUrl100": "https://is1-ssl.mzstatic.com/image/thumb/Music128/v4/e6/8d/5d/e68d5d9e-0059-583d-284d-12ef08cca021/source/200x200bb.png",
        "genres": [
          {
            "genreId": "18",
            "name": "Hip-Hop/Rap",
            "url": "https://itunes.apple.com/th/genre/id18"
          },
          {
            "genreId": "34",
            "name": "Music",
            "url": "https://itunes.apple.com/th/genre/id34"
          }
        ],
        "url": "https://itunes.apple.com/th/album/video-call/1440118891?i=1440118892&app=music"
      },
      {
        "artistName": "Clean Bandit",
        "id": "1436738924",
        "releaseDate": "2018-11-30",
        "name": "Baby (feat. Marina and the Diamonds & Luis Fonsi)",
        "collectionName": "What Is Love? (Deluxe)",
        "kind": "song",
        "copyright": "℗ 2018 Atlantic Records UK, a division of Warner Music UK Limited. Tracks 1 & 11 (P) 2017 Atlantic Records UK, a division of Warner Music UK Limited. Tracks 4 & 16 (P) 2016 Atlantic Records UK, a division of Warner Music UK Limited",
        "artistId": "463049461",
        "artistUrl": "https://itunes.apple.com/th/artist/clean-bandit/463049461?app=music",
        "artworkUrl100": "https://is1-ssl.mzstatic.com/image/thumb/Music128/v4/58/77/80/58778082-2e00-17b0-c550-0b7d2646af29/source/200x200bb.png",
        "genres": [
          {
            "genreId": "14",
            "name": "Pop",
            "url": "https://itunes.apple.com/th/genre/id14"
          },
          {
            "genreId": "34",
            "name": "Music",
            "url": "https://itunes.apple.com/th/genre/id34"
          }
        ],
        "url": "https://itunes.apple.com/th/album/baby-feat-marina-and-the-diamonds-luis-fonsi/1436738680?i=1436738924&app=music"
      },
      {
        "artistName": "นายนะ",
        "id": "1440068237",
        "releaseDate": "2018-10-26",
        "name": "รองเท้าหายตอนถวายสังฆทาน",
        "collectionName": "รองเท้าหายตอนถวายสังฆทาน - Single",
        "kind": "song",
        "copyright": "℗ 2018 LOVEiS Entertainment",
        "artistId": "1428595254",
        "artistUrl": "https://itunes.apple.com/th/artist/%E0%B8%99%E0%B8%B2%E0%B8%A2%E0%B8%99%E0%B8%B0/1428595254?app=music",
        "artworkUrl100": "https://is1-ssl.mzstatic.com/image/thumb/Music128/v4/f2/34/4b/f2344b8c-0f02-b6bc-fb34-fca2a52838e9/source/200x200bb.png",
        "genres": [
          {
            "genreId": "18",
            "name": "Hip-Hop/Rap",
            "url": "https://itunes.apple.com/th/genre/id18"
          },
          {
            "genreId": "34",
            "name": "Music",
            "url": "https://itunes.apple.com/th/genre/id34"
          }
        ],
        "url": "https://itunes.apple.com/th/album/%E0%B8%A3%E0%B8%AD%E0%B8%87%E0%B9%80%E0%B8%97-%E0%B8%B2%E0%B8%AB%E0%B8%B2%E0%B8%A2%E0%B8%95%E0%B8%AD%E0%B8%99%E0%B8%96%E0%B8%A7%E0%B8%B2%E0%B8%A2%E0%B8%AA-%E0%B8%87%E0%B8%86%E0%B8%97%E0%B8%B2%E0%B8%99/1440068236?i=1440068237&app=music"
      },
      {
        "artistName": "LSD",
        "id": "1440086785",
        "releaseDate": "2018-11-01",
        "name": "Mountains (feat. Sia, Diplo & Labrinth)",
        "collectionName": "Mountains (feat. Sia, Diplo & Labrinth) - Single",
        "kind": "song",
        "copyright": "℗ 2018 RECORDS, LLC / Columbia",
        "artistId": "1377413450",
        "artistUrl": "https://itunes.apple.com/th/artist/lsd/1377413450?app=music",
        "artworkUrl100": "https://is1-ssl.mzstatic.com/image/thumb/Music128/v4/17/16/18/171618bc-823a-9398-5422-93ea184acf85/source/200x200bb.png",
        "genres": [
          {
            "genreId": "14",
            "name": "Pop",
            "url": "https://itunes.apple.com/th/genre/id14"
          },
          {
            "genreId": "34",
            "name": "Music",
            "url": "https://itunes.apple.com/th/genre/id34"
          }
        ],
        "url": "https://itunes.apple.com/th/album/mountains-feat-sia-diplo-labrinth/1440086783?i=1440086785&app=music"
      },
      {
        "artistName": "Aimyon",
        "id": "1438144188",
        "releaseDate": "2018-10-25",
        "name": "Let the Night",
        "collectionName": "Let the Night - EP",
        "kind": "song",
        "copyright": "℗ 2018 WARNER MUSIC JAPAN INC.",
        "artistId": "1165017710",
        "artistUrl": "https://itunes.apple.com/th/artist/aimyon/1165017710?app=music",
        "artworkUrl100": "https://is5-ssl.mzstatic.com/image/thumb/Music118/v4/93/3f/ad/933fad04-0426-e2dd-e222-04471bc2cb9f/source/200x200bb.png",
        "genres": [
          {
            "genreId": "27",
            "name": "J-Pop",
            "url": "https://itunes.apple.com/th/genre/id27"
          },
          {
            "genreId": "34",
            "name": "Music",
            "url": "https://itunes.apple.com/th/genre/id34"
          }
        ],
        "url": "https://itunes.apple.com/th/album/let-the-night/1438144187?i=1438144188&app=music"
      },
      {
        "artistName": "Carly Rae Jepsen",
        "id": "1440077786",
        "releaseDate": "2018-11-01",
        "name": "Party For One",
        "collectionName": "Party For One - Single",
        "kind": "song",
        "copyright": "℗ 2018 School Boy/Interscope Records",
        "artistId": "284363062",
        "artistUrl": "https://itunes.apple.com/th/artist/carly-rae-jepsen/284363062?app=music",
        "artworkUrl100": "https://is1-ssl.mzstatic.com/image/thumb/Music118/v4/75/34/d0/7534d031-6c4e-6df0-5653-0bedb8a6e782/source/200x200bb.png",
        "genres": [
          {
            "genreId": "14",
            "name": "Pop",
            "url": "https://itunes.apple.com/th/genre/id14"
          },
          {
            "genreId": "34",
            "name": "Music",
            "url": "https://itunes.apple.com/th/genre/id34"
          }
        ],
        "url": "https://itunes.apple.com/th/album/party-for-one/1440077779?i=1440077786&app=music"
      },
      {
        "artistName": "Daniel Didyasarin",
        "id": "1439419066",
        "releaseDate": "2018-10-30",
        "name": "เครื่องบิน",
        "collectionName": "เครื่องบิน - Single",
        "kind": "song",
        "copyright": "℗ 2018 GMM Grammy PCL.",
        "artistId": "1186369397",
        "artistUrl": "https://itunes.apple.com/th/artist/daniel-didyasarin/1186369397?app=music",
        "artworkUrl100": "https://is4-ssl.mzstatic.com/image/thumb/Music128/v4/52/54/e9/5254e9e7-c22c-8e99-c3cc-b7fdc0553668/source/200x200bb.png",
        "genres": [
          {
            "genreId": "14",
            "name": "Pop",
            "url": "https://itunes.apple.com/th/genre/id14"
          },
          {
            "genreId": "34",
            "name": "Music",
            "url": "https://itunes.apple.com/th/genre/id34"
          }
        ],
        "url": "https://itunes.apple.com/th/album/%E0%B9%80%E0%B8%84%E0%B8%A3-%E0%B8%AD%E0%B8%87%E0%B8%9A-%E0%B8%99/1439419063?i=1439419066&app=music"
      },
      {
        "artistName": "Little Mix",
        "id": "1439137998",
        "releaseDate": "2018-11-16",
        "name": "Joan of Arc",
        "collectionName": "LM5 (Deluxe)",
        "kind": "song",
        "copyright": "℗ 2018 Simco Limited under exclusive licence to Sony Music Entertainment UK Limited",
        "artistId": "477515548",
        "artistUrl": "https://itunes.apple.com/th/artist/little-mix/477515548?app=music",
        "artworkUrl100": "https://is4-ssl.mzstatic.com/image/thumb/Music118/v4/5a/42/b0/5a42b03c-a410-9b62-6dc3-fd733f5eed97/source/200x200bb.png",
        "genres": [
          {
            "genreId": "14",
            "name": "Pop",
            "url": "https://itunes.apple.com/th/genre/id14"
          },
          {
            "genreId": "34",
            "name": "Music",
            "url": "https://itunes.apple.com/th/genre/id34"
          }
        ],
        "url": "https://itunes.apple.com/th/album/joan-of-arc/1439137827?i=1439137998&app=music"
      },
      {
        "artistName": "The Whitest Crow",
        "id": "1440456834",
        "releaseDate": "2018-10-29",
        "name": "Feather Bureau",
        "collectionName": "Feather Bureau - Single",
        "kind": "song",
        "copyright": "℗ 2018 The Whitest Crow",
        "artistId": "899565434",
        "artistUrl": "https://itunes.apple.com/th/artist/the-whitest-crow/899565434?app=music",
        "artworkUrl100": "https://is2-ssl.mzstatic.com/image/thumb/Music128/v4/34/39/93/3439933d-ab39-588b-04a2-40e282c920b4/source/200x200bb.png",
        "genres": [
          {
            "genreId": "1132",
            "name": "Britpop",
            "url": "https://itunes.apple.com/th/genre/id1132"
          },
          {
            "genreId": "34",
            "name": "Music",
            "url": "https://itunes.apple.com/th/genre/id34"
          },
          {
            "genreId": "14",
            "name": "Pop",
            "url": "https://itunes.apple.com/th/genre/id14"
          }
        ],
        "url": "https://itunes.apple.com/th/album/feather-bureau/1440456831?i=1440456834&app=music"
      },
      {
        "artistName": "Hayden James",
        "id": "1438062579",
        "releaseDate": "2018-11-02",
        "name": "Better Together (feat. Running Touch)",
        "collectionName": "Better Together (feat. Running Touch) - Single",
        "kind": "song",
        "copyright": "℗ 2018 Future Classic",
        "artistId": "348788533",
        "artistUrl": "https://itunes.apple.com/th/artist/hayden-james/348788533?app=music",
        "artworkUrl100": "https://is4-ssl.mzstatic.com/image/thumb/Music128/v4/83/1b/d1/831bd135-aed6-1efc-bcde-7556007e32c1/source/200x200bb.png",
        "genres": [
          {
            "genreId": "7",
            "name": "Electronic",
            "url": "https://itunes.apple.com/th/genre/id7"
          },
          {
            "genreId": "34",
            "name": "Music",
            "url": "https://itunes.apple.com/th/genre/id34"
          },
          {
            "genreId": "20",
            "name": "Alternative",
            "url": "https://itunes.apple.com/th/genre/id20"
          }
        ],
        "url": "https://itunes.apple.com/th/album/better-together-feat-running-touch/1438062578?i=1438062579&app=music"
      },
      {
        "artistName": "Hikaru Utada",
        "id": "1440165974",
        "releaseDate": "2018-11-06",
        "name": "Too Proud (feat. XZT, Suboi & EK) [L1 Remix]",
        "collectionName": "Too Proud (L1 Remix) [feat. XZT, Suboi & EK] - Single",
        "kind": "song",
        "copyright": "℗ 2018 Epic Records Japan",
        "artistId": "1373928888",
        "artistUrl": "https://itunes.apple.com/th/artist/hikaru-utada/1373928888?app=music",
        "artworkUrl100": "https://is5-ssl.mzstatic.com/image/thumb/Music118/v4/76/73/8e/76738e81-33f4-c63f-ec85-d50c34d28de0/source/200x200bb.png",
        "genres": [
          {
            "genreId": "27",
            "name": "J-Pop",
            "url": "https://itunes.apple.com/th/genre/id27"
          },
          {
            "genreId": "34",
            "name": "Music",
            "url": "https://itunes.apple.com/th/genre/id34"
          }
        ],
        "url": "https://itunes.apple.com/th/album/too-proud-feat-xzt-suboi-ek-l1-remix/1440165973?i=1440165974&app=music"
      },
      {
        "artistName": "Friendzone",
        "id": "1438798430",
        "releaseDate": "2018-10-17",
        "name": "First kiss",
        "collectionName": "First kiss - Single",
        "kind": "song",
        "copyright": "℗ 2018 Comet Records BKK",
        "artistId": "1438798428",
        "artistUrl": "https://itunes.apple.com/th/artist/friendzone/1438798428?app=music",
        "artworkUrl100": "https://is5-ssl.mzstatic.com/image/thumb/Music128/v4/95/e5/1a/95e51a27-a6f8-d23a-cadf-02dc541bf943/source/200x200bb.png",
        "genres": [
          {
            "genreId": "21",
            "name": "Rock",
            "url": "https://itunes.apple.com/th/genre/id21"
          },
          {
            "genreId": "34",
            "name": "Music",
            "url": "https://itunes.apple.com/th/genre/id34"
          }
        ],
        "url": "https://itunes.apple.com/th/album/first-kiss/1438798423?i=1438798430&app=music"
      },
      {
        "artistName": "Hailee Steinfeld",
        "id": "1440545818",
        "releaseDate": "2018-11-02",
        "name": "Back to Life (from \"Bumblebee\")",
        "collectionName": "Back to Life (from \"Bumblebee\") - Single",
        "kind": "song",
        "copyright": "℗ 2018 Republic Records, a division of UMG Recordings, Inc.",
        "artistId": "417571723",
        "artistUrl": "https://itunes.apple.com/th/artist/hailee-steinfeld/417571723?app=music",
        "artworkUrl100": "https://is3-ssl.mzstatic.com/image/thumb/Music128/v4/b0/17/2a/b0172a42-6e86-a608-04d9-2b8d86d2cc36/source/200x200bb.png",
        "genres": [
          {
            "genreId": "16",
            "name": "Soundtrack",
            "url": "https://itunes.apple.com/th/genre/id16"
          },
          {
            "genreId": "34",
            "name": "Music",
            "url": "https://itunes.apple.com/th/genre/id34"
          }
        ],
        "url": "https://itunes.apple.com/th/album/back-to-life-from-bumblebee/1440545812?i=1440545818&app=music"
      },
      {
        "artistName": "SS Sleeper1",
        "id": "1440425510",
        "releaseDate": "2018-10-22",
        "name": "นิยาย (Version 2018) [feat. Save Da Last Piece]",
        "collectionName": "นิยาย (Version 2018) [feat. Save Da Last Piece] - Single",
        "kind": "song",
        "copyright": "℗ 2018 No More Belts",
        "artistId": "1440425508",
        "artistUrl": "https://itunes.apple.com/th/artist/ss-sleeper1/1440425508?app=music",
        "artworkUrl100": "https://is2-ssl.mzstatic.com/image/thumb/Music128/v4/fc/4c/53/fc4c5353-ca7d-d620-3262-aeeb409399a0/source/200x200bb.png",
        "genres": [
          {
            "genreId": "14",
            "name": "Pop",
            "url": "https://itunes.apple.com/th/genre/id14"
          },
          {
            "genreId": "34",
            "name": "Music",
            "url": "https://itunes.apple.com/th/genre/id34"
          }
        ],
        "url": "https://itunes.apple.com/th/album/%E0%B8%99-%E0%B8%A2%E0%B8%B2%E0%B8%A2-version-2018-feat-save-da-last-piece/1440425507?i=1440425510&app=music"
      },
      {
        "artistName": "Olly Murs",
        "id": "1437807123",
        "releaseDate": "2018-11-09",
        "name": "Mark on My Heart",
        "collectionName": "You Know I Know (Deluxe)",
        "kind": "song",
        "copyright": "℗ 2018 Sony Music Entertainment UK Limited",
        "artistId": "382815022",
        "artistUrl": "https://itunes.apple.com/th/artist/olly-murs/382815022?app=music",
        "artworkUrl100": "https://is2-ssl.mzstatic.com/image/thumb/Music128/v4/8f/63/ed/8f63edaa-d468-a203-3537-d09d69fb9aca/source/200x200bb.png",
        "genres": [
          {
            "genreId": "14",
            "name": "Pop",
            "url": "https://itunes.apple.com/th/genre/id14"
          },
          {
            "genreId": "34",
            "name": "Music",
            "url": "https://itunes.apple.com/th/genre/id34"
          }
        ],
        "url": "https://itunes.apple.com/th/album/mark-on-my-heart/1437806868?i=1437807123&app=music"
      },
      {
        "artistName": "The Dumbs",
        "id": "1440582456",
        "releaseDate": "2018-10-30",
        "name": "Million Things",
        "collectionName": "Million Things - Single",
        "kind": "song",
        "copyright": "℗ 2018 The Dumbs",
        "artistId": "1410938317",
        "artistUrl": "https://itunes.apple.com/th/artist/the-dumbs/1410938317?app=music",
        "artworkUrl100": "https://is1-ssl.mzstatic.com/image/thumb/Music128/v4/57/0b/db/570bdb96-b670-97ff-37a3-55446edca608/source/200x200bb.png",
        "genres": [
          {
            "genreId": "14",
            "name": "Pop",
            "url": "https://itunes.apple.com/th/genre/id14"
          },
          {
            "genreId": "34",
            "name": "Music",
            "url": "https://itunes.apple.com/th/genre/id34"
          }
        ],
        "url": "https://itunes.apple.com/th/album/million-things/1440582451?i=1440582456&app=music"
      },
      {
        "artistName": "Alec Benjamin",
        "id": "1439524576",
        "releaseDate": "2018-11-01",
        "name": "1994",
        "collectionName": "1994 - Single",
        "kind": "song",
        "copyright": "℗ 2018",
        "artistId": "632781795",
        "artistUrl": "https://itunes.apple.com/th/artist/alec-benjamin/632781795?app=music",
        "artworkUrl100": "https://is5-ssl.mzstatic.com/image/thumb/Music128/v4/b5/47/82/b5478297-0d66-af01-368c-5aab4fe16346/source/200x200bb.png",
        "genres": [
          {
            "genreId": "14",
            "name": "Pop",
            "url": "https://itunes.apple.com/th/genre/id14"
          },
          {
            "genreId": "34",
            "name": "Music",
            "url": "https://itunes.apple.com/th/genre/id34"
          }
        ],
        "url": "https://itunes.apple.com/th/album/1994/1439524575?i=1439524576&app=music"
      },
      {
        "artistName": "ละมุนแบนด์",
        "id": "1433799807",
        "releaseDate": "2018-08-24",
        "name": "Pastel",
        "collectionName": "Pastel - Single",
        "kind": "song",
        "copyright": "℗ 2018 Mono Music Company Limited",
        "artistId": "1433799805",
        "artistUrl": "https://itunes.apple.com/th/artist/%E0%B8%A5%E0%B8%B0%E0%B8%A1-%E0%B8%99%E0%B9%81%E0%B8%9A%E0%B8%99%E0%B8%94/1433799805?app=music",
        "artworkUrl100": "https://is1-ssl.mzstatic.com/image/thumb/Music128/v4/bf/c1/c4/bfc1c46a-5752-d50e-6af5-b6a66e82aac6/source/200x200bb.png",
        "genres": [
          {
            "genreId": "14",
            "name": "Pop",
            "url": "https://itunes.apple.com/th/genre/id14"
          },
          {
            "genreId": "34",
            "name": "Music",
            "url": "https://itunes.apple.com/th/genre/id34"
          }
        ],
        "url": "https://itunes.apple.com/th/album/pastel/1433799453?i=1433799807&app=music"
      },
      {
        "artistName": "EXO",
        "id": "1440782230",
        "releaseDate": "2018-11-02",
        "name": "Tempo",
        "collectionName": "DON’T MESS UP MY TEMPO – The 5th Album",
        "kind": "song",
        "copyright": "℗ 2018 SM Entertainment",
        "artistId": "657630070",
        "artistUrl": "https://itunes.apple.com/th/artist/exo/657630070?app=music",
        "artworkUrl100": "https://is4-ssl.mzstatic.com/image/thumb/Music118/v4/43/e7/ae/43e7aee9-ef63-eb49-6541-02c62ce3cad6/source/200x200bb.png",
        "genres": [
          {
            "genreId": "51",
            "name": "K-Pop",
            "url": "https://itunes.apple.com/th/genre/id51"
          },
          {
            "genreId": "34",
            "name": "Music",
            "url": "https://itunes.apple.com/th/genre/id34"
          },
          {
            "genreId": "14",
            "name": "Pop",
            "url": "https://itunes.apple.com/th/genre/id14"
          }
        ],
        "url": "https://itunes.apple.com/th/album/tempo/1440782229?i=1440782230&app=music"
      },
      {
        "artistName": "Fluffypak",
        "id": "1440578731",
        "releaseDate": "2018-10-30",
        "name": "บุคคลอันตราย",
        "collectionName": "บุคคลอันตราย - Single",
        "kind": "song",
        "copyright": "℗ 2018 Fluffypak",
        "artistId": "1440578729",
        "artistUrl": "https://itunes.apple.com/th/artist/fluffypak/1440578729?app=music",
        "artworkUrl100": "https://is5-ssl.mzstatic.com/image/thumb/Music118/v4/f2/61/18/f26118f8-f178-14f6-ca96-0f6dbb53bf3f/source/200x200bb.png",
        "genres": [
          {
            "genreId": "14",
            "name": "Pop",
            "url": "https://itunes.apple.com/th/genre/id14"
          },
          {
            "genreId": "34",
            "name": "Music",
            "url": "https://itunes.apple.com/th/genre/id34"
          }
        ],
        "url": "https://itunes.apple.com/th/album/%E0%B8%9A-%E0%B8%84%E0%B8%84%E0%B8%A5%E0%B8%AD-%E0%B8%99%E0%B8%95%E0%B8%A3%E0%B8%B2%E0%B8%A2/1440578723?i=1440578731&app=music"
      },
      {
        "artistName": "Goh M",
        "id": "1440578452",
        "releaseDate": "2018-10-31",
        "name": "สู่ความว่างเปล่า",
        "collectionName": "สู่ความว่างเปล่า - Single",
        "kind": "song",
        "copyright": "℗ 2018 Goh M",
        "artistId": "1424239340",
        "artistUrl": "https://itunes.apple.com/th/artist/goh-m/1424239340?app=music",
        "artworkUrl100": "https://is1-ssl.mzstatic.com/image/thumb/Music128/v4/4c/72/38/4c7238ed-8039-7c3d-0461-ed07bd700cae/source/200x200bb.png",
        "genres": [
          {
            "genreId": "14",
            "name": "Pop",
            "url": "https://itunes.apple.com/th/genre/id14"
          },
          {
            "genreId": "34",
            "name": "Music",
            "url": "https://itunes.apple.com/th/genre/id34"
          }
        ],
        "url": "https://itunes.apple.com/th/album/%E0%B8%AA-%E0%B8%84%E0%B8%A7%E0%B8%B2%E0%B8%A1%E0%B8%A7-%E0%B8%B2%E0%B8%87%E0%B9%80%E0%B8%9B%E0%B8%A5-%E0%B8%B2/1440578447?i=1440578452&app=music"
      },
      {
        "artistName": "Last Fight For Finish",
        "id": "1438492685",
        "releaseDate": "2018-10-26",
        "name": "Still Alive",
        "collectionName": "Still Alive - Single",
        "kind": "song",
        "copyright": "℗ 2018 GMM Grammy PCL.",
        "artistId": "771753897",
        "contentAdvisoryRating": "Explicit",
        "artistUrl": "https://itunes.apple.com/th/artist/last-fight-for-finish/771753897?app=music",
        "artworkUrl100": "https://is2-ssl.mzstatic.com/image/thumb/Music128/v4/28/0f/03/280f03e9-c42b-dffc-bbe5-df4c713e405b/source/200x200bb.png",
        "genres": [
          {
            "genreId": "21",
            "name": "Rock",
            "url": "https://itunes.apple.com/th/genre/id21"
          },
          {
            "genreId": "34",
            "name": "Music",
            "url": "https://itunes.apple.com/th/genre/id34"
          }
        ],
        "url": "https://itunes.apple.com/th/album/still-alive/1438492683?i=1438492685&app=music"
      },
      {
        "artistName": "Imagine Dragons",
        "id": "1437948983",
        "releaseDate": "2018-11-09",
        "name": "Machine",
        "collectionName": "Origins (Deluxe)",
        "kind": "song",
        "copyright": "℗ 2018 KIDinaKORNER/Interscope Records",
        "artistId": "358714030",
        "artistUrl": "https://itunes.apple.com/th/artist/imagine-dragons/358714030?app=music",
        "artworkUrl100": "https://is4-ssl.mzstatic.com/image/thumb/Music128/v4/82/47/cc/8247cc3a-4a2b-8383-cd12-0ea2ff5747dd/source/200x200bb.png",
        "genres": [
          {
            "genreId": "20",
            "name": "Alternative",
            "url": "https://itunes.apple.com/th/genre/id20"
          },
          {
            "genreId": "34",
            "name": "Music",
            "url": "https://itunes.apple.com/th/genre/id34"
          }
        ],
        "url": "https://itunes.apple.com/th/album/machine/1437948883?i=1437948983&app=music"
      },
      {
        "artistName": "POP!",
        "id": "1440068063",
        "releaseDate": "2018-10-30",
        "name": "อยากเจอ",
        "collectionName": "อยากเจอ - Single",
        "kind": "song",
        "copyright": "℗ 2018 LOVEiS Entertainment",
        "artistId": "21916204",
        "artistUrl": "https://itunes.apple.com/th/artist/pop/21916204?app=music",
        "artworkUrl100": "https://is2-ssl.mzstatic.com/image/thumb/Music128/v4/20/b0/01/20b00134-43e3-ccb1-7151-1c30cff0b61a/source/200x200bb.png",
        "genres": [
          {
            "genreId": "14",
            "name": "Pop",
            "url": "https://itunes.apple.com/th/genre/id14"
          },
          {
            "genreId": "34",
            "name": "Music",
            "url": "https://itunes.apple.com/th/genre/id34"
          }
        ],
        "url": "https://itunes.apple.com/th/album/%E0%B8%AD%E0%B8%A2%E0%B8%B2%E0%B8%81%E0%B9%80%E0%B8%88%E0%B8%AD/1440068062?i=1440068063&app=music"
      },
      {
        "artistName": "Whal & Dolph",
        "id": "1302766573",
        "releaseDate": "2017-11-24",
        "name": "ฉันยังเก็บไว้ (feat. เอิ๊ต ภัทรวี)",
        "collectionName": "Rayon",
        "kind": "song",
        "copyright": "℗ 2017 What The Duck",
        "artistId": "1203155982",
        "artistUrl": "https://itunes.apple.com/th/artist/whal-dolph/1203155982?app=music",
        "artworkUrl100": "https://is4-ssl.mzstatic.com/image/thumb/Music128/v4/3b/09/a7/3b09a709-2053-c14a-dbf5-33c3568a30fe/source/200x200bb.png",
        "genres": [
          {
            "genreId": "14",
            "name": "Pop",
            "url": "https://itunes.apple.com/th/genre/id14"
          },
          {
            "genreId": "34",
            "name": "Music",
            "url": "https://itunes.apple.com/th/genre/id34"
          }
        ],
        "url": "https://itunes.apple.com/th/album/%E0%B8%89-%E0%B8%99%E0%B8%A2-%E0%B8%87%E0%B9%80%E0%B8%81-%E0%B8%9A%E0%B9%84%E0%B8%A7-feat-%E0%B9%80%E0%B8%AD-%E0%B8%95-%E0%B8%A0-%E0%B8%97%E0%B8%A3%E0%B8%A7/1302756577?i=1302766573&app=music"
      },
      {
        "artistName": "The Beatles",
        "id": "1436905180",
        "releaseDate": "1968-11-22",
        "name": "Glass Onion (2018 Mix)",
        "collectionName": "The Beatles (White Album) [Super Deluxe]",
        "kind": "song",
        "copyright": "This Compilation ℗ 2018 Calderstone Productions Limited (a division of Universal Music Group)",
        "artistId": "136975",
        "artistUrl": "https://itunes.apple.com/th/artist/the-beatles/136975?app=music",
        "artworkUrl100": "https://is4-ssl.mzstatic.com/image/thumb/Music118/v4/9b/2b/06/9b2b06ba-19e1-790a-0ade-a945c7415b29/source/200x200bb.png",
        "genres": [
          {
            "genreId": "21",
            "name": "Rock",
            "url": "https://itunes.apple.com/th/genre/id21"
          },
          {
            "genreId": "34",
            "name": "Music",
            "url": "https://itunes.apple.com/th/genre/id34"
          }
        ],
        "url": "https://itunes.apple.com/th/album/glass-onion-2018-mix/1436905161?i=1436905180&app=music"
      },
      {
        "artistName": "Chilling Sunday",
        "id": "1438882594",
        "releaseDate": "2018-10-26",
        "name": "เพื่อนเจ้าสาว (feat. KQ)",
        "collectionName": "เพื่อนเจ้าสาว, Status - Single",
        "kind": "song",
        "copyright": "℗ 2018 Bec-Tero Entertainment Public Company Limited",
        "artistId": "725409528",
        "artistUrl": "https://itunes.apple.com/th/artist/chilling-sunday/725409528?app=music",
        "artworkUrl100": "https://is3-ssl.mzstatic.com/image/thumb/Music118/v4/40/f3/66/40f36619-d5dd-0480-444f-c39e2f8b5d2e/source/200x200bb.png",
        "genres": [
          {
            "genreId": "1260",
            "name": "Thai Pop",
            "url": "https://itunes.apple.com/th/genre/id1260"
          },
          {
            "genreId": "34",
            "name": "Music",
            "url": "https://itunes.apple.com/th/genre/id34"
          },
          {
            "genreId": "14",
            "name": "Pop",
            "url": "https://itunes.apple.com/th/genre/id14"
          }
        ],
        "url": "https://itunes.apple.com/th/album/%E0%B9%80%E0%B8%9E-%E0%B8%AD%E0%B8%99%E0%B9%80%E0%B8%88-%E0%B8%B2%E0%B8%AA%E0%B8%B2%E0%B8%A7-feat-kq/1438882579?i=1438882594&app=music"
      },
      {
        "artistName": "Martin Garrix",
        "id": "1440508011",
        "releaseDate": "2018-11-01",
        "name": "Dreamer (feat. Mike Yung)",
        "collectionName": "Dreamer (feat. Mike Yung) - Single",
        "kind": "song",
        "copyright": "℗ 2018 STMPD RCRDS B.V. exclusively licensed to Epic Amsterdam, a division of Sony Music Entertainment Netherlands B.V.",
        "artistId": "430932944",
        "artistUrl": "https://itunes.apple.com/th/artist/martin-garrix/430932944?app=music",
        "artworkUrl100": "https://is3-ssl.mzstatic.com/image/thumb/Music118/v4/8a/19/9d/8a199dea-3642-440c-abcd-1d2c857ff327/source/200x200bb.png",
        "genres": [
          {
            "genreId": "17",
            "name": "Dance",
            "url": "https://itunes.apple.com/th/genre/id17"
          },
          {
            "genreId": "34",
            "name": "Music",
            "url": "https://itunes.apple.com/th/genre/id34"
          }
        ],
        "url": "https://itunes.apple.com/th/album/dreamer-feat-mike-yung/1440508008?i=1440508011&app=music"
      },
      {
        "artistName": "PARIM",
        "id": "1438420371",
        "releaseDate": "2018-10-17",
        "name": "Summer or raining (1)",
        "collectionName": "Summer or raining - Single",
        "kind": "song",
        "copyright": "℗ 2018 Comet Records BKK",
        "artistId": "1219953556",
        "artistUrl": "https://itunes.apple.com/th/artist/parim/1219953556?app=music",
        "artworkUrl100": "https://is3-ssl.mzstatic.com/image/thumb/Music118/v4/69/fd/cb/69fdcbc8-087b-954e-baae-b042a1561f41/source/200x200bb.png",
        "genres": [
          {
            "genreId": "17",
            "name": "Dance",
            "url": "https://itunes.apple.com/th/genre/id17"
          },
          {
            "genreId": "34",
            "name": "Music",
            "url": "https://itunes.apple.com/th/genre/id34"
          }
        ],
        "url": "https://itunes.apple.com/th/album/summer-or-raining-1/1438420364?i=1438420371&app=music"
      },
      {
        "artistName": "Tyga & Nicki Minaj",
        "id": "1440220079",
        "releaseDate": "2018-10-30",
        "name": "Dip",
        "collectionName": "Dip - Single",
        "kind": "song",
        "copyright": "℗ 2018 Last Kings Music / EMPIRE",
        "artistId": "268893121",
        "contentAdvisoryRating": "Explicit",
        "artistUrl": "https://itunes.apple.com/WebObjects/MZStore.woa/wa/viewCollaboration?cc=th&ids=268893121-278464538&app=music",
        "artworkUrl100": "https://is3-ssl.mzstatic.com/image/thumb/Music118/v4/ab/5a/58/ab5a5840-58bc-50c1-44bb-5cc1dea18af9/source/200x200bb.png",
        "genres": [
          {
            "genreId": "18",
            "name": "Hip-Hop/Rap",
            "url": "https://itunes.apple.com/th/genre/id18"
          },
          {
            "genreId": "34",
            "name": "Music",
            "url": "https://itunes.apple.com/th/genre/id34"
          }
        ],
        "url": "https://itunes.apple.com/th/album/dip/1440220078?i=1440220079&app=music"
      },
      {
        "artistName": "Boom Boom Cash",
        "id": "1439331737",
        "releaseDate": "2018-10-26",
        "name": "No Way (feat. Thaitanium)",
        "collectionName": "No Way (feat. Thaitanium) - Single",
        "kind": "song",
        "copyright": "℗ 2018 Wayfer Records, Warner Music Thailand",
        "artistId": "721599654",
        "artistUrl": "https://itunes.apple.com/th/artist/boom-boom-cash/721599654?app=music",
        "artworkUrl100": "https://is1-ssl.mzstatic.com/image/thumb/Music128/v4/71/3d/3c/713d3cb4-b937-1eca-7691-fae50b11bc65/source/200x200bb.png",
        "genres": [
          {
            "genreId": "1058",
            "name": "Electronica",
            "url": "https://itunes.apple.com/th/genre/id1058"
          },
          {
            "genreId": "34",
            "name": "Music",
            "url": "https://itunes.apple.com/th/genre/id34"
          },
          {
            "genreId": "7",
            "name": "Electronic",
            "url": "https://itunes.apple.com/th/genre/id7"
          },
          {
            "genreId": "17",
            "name": "Dance",
            "url": "https://itunes.apple.com/th/genre/id17"
          }
        ],
        "url": "https://itunes.apple.com/th/album/no-way-feat-thaitanium/1439331735?i=1439331737&app=music"
      },
      {
        "artistName": "Ae Jirakorn",
        "id": "1440012288",
        "releaseDate": "2018-10-26",
        "name": "ที่ที่เป็นของเรา",
        "collectionName": "ที่ที่เป็นของเรา - Single",
        "kind": "song",
        "copyright": "℗ 2018 Me Records",
        "artistId": "659554198",
        "artistUrl": "https://itunes.apple.com/th/artist/ae-jirakorn/659554198?app=music",
        "artworkUrl100": "https://is2-ssl.mzstatic.com/image/thumb/Music128/v4/47/22/79/472279de-702e-1ce2-4008-379eabba5068/source/200x200bb.png",
        "genres": [
          {
            "genreId": "14",
            "name": "Pop",
            "url": "https://itunes.apple.com/th/genre/id14"
          },
          {
            "genreId": "34",
            "name": "Music",
            "url": "https://itunes.apple.com/th/genre/id34"
          }
        ],
        "url": "https://itunes.apple.com/th/album/%E0%B8%97-%E0%B8%97-%E0%B9%80%E0%B8%9B-%E0%B8%99%E0%B8%82%E0%B8%AD%E0%B8%87%E0%B9%80%E0%B8%A3%E0%B8%B2/1440012287?i=1440012288&app=music"
      },
      {
        "artistName": "Wave And So",
        "id": "1438884600",
        "releaseDate": "2018-10-12",
        "name": "Davy Jones",
        "collectionName": "Davy Jones - Single",
        "kind": "song",
        "copyright": "℗ 2018 Parinam Music",
        "artistId": "898621796",
        "artistUrl": "https://itunes.apple.com/th/artist/wave-and-so/898621796?app=music",
        "artworkUrl100": "https://is1-ssl.mzstatic.com/image/thumb/Music128/v4/1d/df/5c/1ddf5ca6-ed07-19b5-0136-97da23533369/source/200x200bb.png",
        "genres": [
          {
            "genreId": "20",
            "name": "Alternative",
            "url": "https://itunes.apple.com/th/genre/id20"
          },
          {
            "genreId": "34",
            "name": "Music",
            "url": "https://itunes.apple.com/th/genre/id34"
          }
        ],
        "url": "https://itunes.apple.com/th/album/davy-jones/1438884594?i=1438884600&app=music"
      },
      {
        "artistName": "James TW",
        "id": "1438129251",
        "releaseDate": "2018-11-09",
        "name": "Soldier",
        "collectionName": "Soldier - Single",
        "kind": "song",
        "copyright": "℗ 2018 Island Records, a division of UMG Recordings, Inc.",
        "artistId": "519427443",
        "artistUrl": "https://itunes.apple.com/th/artist/james-tw/519427443?app=music",
        "artworkUrl100": "https://is3-ssl.mzstatic.com/image/thumb/Music128/v4/8a/5e/a0/8a5ea0f1-503c-94de-9495-2c90237643e1/source/200x200bb.png",
        "genres": [
          {
            "genreId": "10",
            "name": "Singer/Songwriter",
            "url": "https://itunes.apple.com/th/genre/id10"
          },
          {
            "genreId": "34",
            "name": "Music",
            "url": "https://itunes.apple.com/th/genre/id34"
          }
        ],
        "url": "https://itunes.apple.com/th/album/soldier/1438129241?i=1438129251&app=music"
      },
      {
        "artistName": "O-Pavee",
        "id": "1438499545",
        "releaseDate": "2018-10-22",
        "name": "7K",
        "collectionName": "7K - Single",
        "kind": "song",
        "copyright": "℗ 2018 Boxx Music",
        "artistId": "550958404",
        "artistUrl": "https://itunes.apple.com/th/artist/o-pavee/550958404?app=music",
        "artworkUrl100": "https://is2-ssl.mzstatic.com/image/thumb/Music118/v4/be/45/dc/be45dc01-82bf-2e74-deab-993a984b54f4/source/200x200bb.png",
        "genres": [
          {
            "genreId": "14",
            "name": "Pop",
            "url": "https://itunes.apple.com/th/genre/id14"
          },
          {
            "genreId": "34",
            "name": "Music",
            "url": "https://itunes.apple.com/th/genre/id34"
          }
        ],
        "url": "https://itunes.apple.com/th/album/7k/1438499544?i=1438499545&app=music"
      },
      {
        "artistName": "The TOYS",
        "id": "1439087880",
        "releaseDate": "2018-10-25",
        "name": "พูดไม่ออก",
        "collectionName": "SUN",
        "kind": "song",
        "copyright": "℗ 2018 What The Duck",
        "artistId": "1191438753",
        "artistUrl": "https://itunes.apple.com/th/artist/the-toys/1191438753?app=music",
        "artworkUrl100": "https://is2-ssl.mzstatic.com/image/thumb/Music128/v4/ef/66/ff/ef66ff38-eadd-dae8-efec-7a0b1c98c85f/source/200x200bb.png",
        "genres": [
          {
            "genreId": "14",
            "name": "Pop",
            "url": "https://itunes.apple.com/th/genre/id14"
          },
          {
            "genreId": "34",
            "name": "Music",
            "url": "https://itunes.apple.com/th/genre/id34"
          }
        ],
        "url": "https://itunes.apple.com/th/album/%E0%B8%9E-%E0%B8%94%E0%B9%84%E0%B8%A1-%E0%B8%AD%E0%B8%AD%E0%B8%81/1439087464?i=1439087880&app=music"
      },
      {
        "artistName": "Violette Wautier",
        "id": "1439429640",
        "releaseDate": "2018-10-26",
        "name": "Smoke",
        "collectionName": "Smoke - Single",
        "kind": "song",
        "copyright": "℗ 2018 Violette Wautier",
        "artistId": "1024195544",
        "artistUrl": "https://itunes.apple.com/th/artist/violette-wautier/1024195544?app=music",
        "artworkUrl100": "https://is1-ssl.mzstatic.com/image/thumb/Music118/v4/f7/e7/b9/f7e7b918-f643-89d9-9b38-86360dfd3569/source/200x200bb.png",
        "genres": [
          {
            "genreId": "20",
            "name": "Alternative",
            "url": "https://itunes.apple.com/th/genre/id20"
          },
          {
            "genreId": "34",
            "name": "Music",
            "url": "https://itunes.apple.com/th/genre/id34"
          }
        ],
        "url": "https://itunes.apple.com/th/album/smoke/1439429636?i=1439429640&app=music"
      },
      {
        "artistName": "Poppy",
        "id": "1439540405",
        "releaseDate": "2018-10-31",
        "name": "Chic Chick",
        "collectionName": "Am I a Girl?",
        "kind": "song",
        "copyright": "℗ 2018 I'm Poppy Records / Mad Decent",
        "artistId": "1004130511",
        "contentAdvisoryRating": "Explicit",
        "artistUrl": "https://itunes.apple.com/th/artist/poppy/1004130511?app=music",
        "artworkUrl100": "https://is2-ssl.mzstatic.com/image/thumb/Music128/v4/a7/01/d3/a701d31b-b193-d2d7-feba-adc50a342572/source/200x200bb.png",
        "genres": [
          {
            "genreId": "14",
            "name": "Pop",
            "url": "https://itunes.apple.com/th/genre/id14"
          },
          {
            "genreId": "34",
            "name": "Music",
            "url": "https://itunes.apple.com/th/genre/id34"
          }
        ],
        "url": "https://itunes.apple.com/th/album/chic-chick/1439540395?i=1439540405&app=music"
      }
    ]
  }
}
