{
  "feed": {
    "title": "Top Songs",
    "id": "https://rss.itunes.apple.com/api/v1/th/apple-music/top-songs/all/50/explicit.json",
    "author": {
      "name": "iTunes Store",
      "uri": "http://wwww.apple.com/th/itunes/"
    },
    "links": [
      {
        "self": "https://rss.itunes.apple.com/api/v1/th/apple-music/top-songs/all/50/explicit.json"
      },
      {
        "alternate": "https://itunes.apple.com/WebObjects/MZStore.woa/wa/viewTop?genreId=34&popId=81&app=music"
      }
    ],
    "copyright": "Copyright © 2018 Apple Inc. All rights reserved.",
    "country": "th",
    "icon": "http://itunes.apple.com/favicon.ico",
    "updated": "2018-11-08T01:54:40.000-08:00",
    "results": [
      {
        "artistName": "Palmy",
        "id": "1438393590",
        "releaseDate": "2018-10-20",
        "name": "ซ่อนกลิ่น",
        "collectionName": "ซ่อนกลิ่น - Single",
        "kind": "song",
        "copyright": "℗ 2018 GMM Grammy PCL.",
        "artistId": "301261712",
        "artistUrl": "https://itunes.apple.com/th/artist/palmy/301261712?app=music",
        "artworkUrl100": "https://is2-ssl.mzstatic.com/image/thumb/Music128/v4/3c/45/8b/3c458bc7-51eb-7701-e68f-0d80399d0237/source/200x200bb.png",
        "genres": [
          {
            "genreId": "21",
            "name": "Rock",
            "url": "https://itunes.apple.com/th/genre/id21"
          },
          {
            "genreId": "34",
            "name": "Music",
            "url": "https://itunes.apple.com/th/genre/id34"
          }
        ],
        "url": "https://itunes.apple.com/th/album/%E0%B8%8B-%E0%B8%AD%E0%B8%99%E0%B8%81%E0%B8%A5-%E0%B8%99/1438393589?i=1438393590&app=music"
      },
      {
        "artistName": "Polycat",
        "id": "1440040343",
        "releaseDate": "2018-11-05",
        "name": "ดูดี",
        "collectionName": "ดูดี - Single",
        "kind": "song",
        "copyright": "℗ 2018 Smallroom Bangkok Pop Music Label",
        "artistId": "253438210",
        "artistUrl": "https://itunes.apple.com/th/artist/polycat/253438210?app=music",
        "artworkUrl100": "https://is3-ssl.mzstatic.com/image/thumb/Music128/v4/aa/df/26/aadf2697-0216-d161-9fc4-ae071128f838/source/200x200bb.png",
        "genres": [
          {
            "genreId": "15",
            "name": "R&B/Soul",
            "url": "https://itunes.apple.com/th/genre/id15"
          },
          {
            "genreId": "34",
            "name": "Music",
            "url": "https://itunes.apple.com/th/genre/id34"
          }
        ],
        "url": "https://itunes.apple.com/th/album/%E0%B8%94-%E0%B8%94/1440040342?i=1440040343&app=music"
      },
      {
        "artistName": "The TOYS",
        "id": "1439087882",
        "releaseDate": "2018-10-25",
        "name": "ลาลาลอย (100%)",
        "collectionName": "SUN",
        "kind": "song",
        "copyright": "℗ 2018 What The Duck",
        "artistId": "1191438753",
        "artistUrl": "https://itunes.apple.com/th/artist/the-toys/1191438753?app=music",
        "artworkUrl100": "https://is2-ssl.mzstatic.com/image/thumb/Music128/v4/ef/66/ff/ef66ff38-eadd-dae8-efec-7a0b1c98c85f/source/200x200bb.png",
        "genres": [
          {
            "genreId": "14",
            "name": "Pop",
            "url": "https://itunes.apple.com/th/genre/id14"
          },
          {
            "genreId": "34",
            "name": "Music",
            "url": "https://itunes.apple.com/th/genre/id34"
          }
        ],
        "url": "https://itunes.apple.com/th/album/%E0%B8%A5%E0%B8%B2%E0%B8%A5%E0%B8%B2%E0%B8%A5%E0%B8%AD%E0%B8%A2-100/1439087464?i=1439087882&app=music"
      },
      {
        "artistName": "EXO",
        "id": "1440782230",
        "releaseDate": "2018-11-02",
        "name": "Tempo",
        "collectionName": "DON’T MESS UP MY TEMPO – The 5th Album",
        "kind": "song",
        "copyright": "℗ 2018 SM Entertainment",
        "artistId": "657630070",
        "artistUrl": "https://itunes.apple.com/th/artist/exo/657630070?app=music",
        "artworkUrl100": "https://is4-ssl.mzstatic.com/image/thumb/Music118/v4/43/e7/ae/43e7aee9-ef63-eb49-6541-02c62ce3cad6/source/200x200bb.png",
        "genres": [
          {
            "genreId": "51",
            "name": "K-Pop",
            "url": "https://itunes.apple.com/th/genre/id51"
          },
          {
            "genreId": "34",
            "name": "Music",
            "url": "https://itunes.apple.com/th/genre/id34"
          },
          {
            "genreId": "14",
            "name": "Pop",
            "url": "https://itunes.apple.com/th/genre/id14"
          }
        ],
        "url": "https://itunes.apple.com/th/album/tempo/1440782229?i=1440782230&app=music"
      },
      {
        "artistName": "IZ*ONE",
        "id": "1440449620",
        "releaseDate": "2018-10-29",
        "name": "La Vie en Rose",
        "collectionName": "COLOR*IZ",
        "kind": "song",
        "copyright": "℗ Stone Music Entertainment, OFF THE RECORD Entertainment",
        "artistId": "1440449616",
        "artistUrl": "https://itunes.apple.com/th/artist/iz-one/1440449616?app=music",
        "artworkUrl100": "https://is3-ssl.mzstatic.com/image/thumb/Music128/v4/79/4a/0f/794a0f7c-e93d-b051-d56b-b5c9e6a60994/source/200x200bb.png",
        "genres": [
          {
            "genreId": "51",
            "name": "K-Pop",
            "url": "https://itunes.apple.com/th/genre/id51"
          },
          {
            "genreId": "34",
            "name": "Music",
            "url": "https://itunes.apple.com/th/genre/id34"
          },
          {
            "genreId": "14",
            "name": "Pop",
            "url": "https://itunes.apple.com/th/genre/id14"
          }
        ],
        "url": "https://itunes.apple.com/th/album/la-vie-en-rose/1440449615?i=1440449620&app=music"
      },
      {
        "artistName": "Polycat",
        "id": "1420469008",
        "releaseDate": "2018-08-07",
        "name": "อาวรณ์",
        "collectionName": "อาวรณ์ - Single",
        "kind": "song",
        "copyright": "℗ 2018 Smallroom Bangkok Pop Music Label",
        "artistId": "253438210",
        "artistUrl": "https://itunes.apple.com/th/artist/polycat/253438210?app=music",
        "artworkUrl100": "https://is3-ssl.mzstatic.com/image/thumb/Music128/v4/95/24/c6/9524c60d-d387-2562-2258-dacd7e1154d2/source/200x200bb.png",
        "genres": [
          {
            "genreId": "1136",
            "name": "Contemporary R&B",
            "url": "https://itunes.apple.com/th/genre/id1136"
          },
          {
            "genreId": "34",
            "name": "Music",
            "url": "https://itunes.apple.com/th/genre/id34"
          },
          {
            "genreId": "15",
            "name": "R&B/Soul",
            "url": "https://itunes.apple.com/th/genre/id15"
          }
        ],
        "url": "https://itunes.apple.com/th/album/%E0%B8%AD%E0%B8%B2%E0%B8%A7%E0%B8%A3%E0%B8%93/1420469005?i=1420469008&app=music"
      },
      {
        "artistName": "OG-ANIC",
        "id": "1436699651",
        "releaseDate": "2018-09-12",
        "name": "เป็นไรไหม? (feat. Lazyloxy)",
        "collectionName": "เป็นไรไหม? (feat. Lazyloxy) - Single",
        "kind": "song",
        "copyright": "℗ 2018 Og-Anic & Lazyloxy Produced By Nino, Distributed By Rap Is Now",
        "artistId": "1410138147",
        "contentAdvisoryRating": "Explicit",
        "artistUrl": "https://itunes.apple.com/th/artist/og-anic/1410138147?app=music",
        "artworkUrl100": "https://is4-ssl.mzstatic.com/image/thumb/Music128/v4/4d/dd/c4/4dddc442-3cdc-a980-5126-c59e4a0f2e06/source/200x200bb.png",
        "genres": [
          {
            "genreId": "18",
            "name": "Hip-Hop/Rap",
            "url": "https://itunes.apple.com/th/genre/id18"
          },
          {
            "genreId": "34",
            "name": "Music",
            "url": "https://itunes.apple.com/th/genre/id34"
          }
        ],
        "url": "https://itunes.apple.com/th/album/%E0%B9%80%E0%B8%9B-%E0%B8%99%E0%B9%84%E0%B8%A3%E0%B9%84%E0%B8%AB%E0%B8%A1-feat-lazyloxy/1436699407?i=1436699651&app=music"
      },
      {
        "artistName": "Ariana Grande",
        "id": "1441178213",
        "releaseDate": "2018-11-03",
        "name": "thank u, next",
        "collectionName": "thank u, next - Single",
        "kind": "song",
        "copyright": "℗ 2018 Republic Records, a Division of UMG Recordings, Inc.",
        "artistId": "412778295",
        "contentAdvisoryRating": "Explicit",
        "artistUrl": "https://itunes.apple.com/th/artist/ariana-grande/412778295?app=music",
        "artworkUrl100": "https://is5-ssl.mzstatic.com/image/thumb/Music118/v4/3a/66/ea/3a66ea98-15db-df35-0245-e614df1c72e9/source/200x200bb.png",
        "genres": [
          {
            "genreId": "14",
            "name": "Pop",
            "url": "https://itunes.apple.com/th/genre/id14"
          },
          {
            "genreId": "34",
            "name": "Music",
            "url": "https://itunes.apple.com/th/genre/id34"
          }
        ],
        "url": "https://itunes.apple.com/th/album/thank-u-next/1441178207?i=1441178213&app=music"
      },
      {
        "artistName": "Dua Lipa & BLACKPINK",
        "id": "1434849693",
        "releaseDate": "2017-06-02",
        "name": "Kiss and Make Up",
        "collectionName": "Dua Lipa (Complete Edition)",
        "kind": "song",
        "copyright": "℗ 2018 Dua Lipa Limited under exclusive license to Warner Music UK Limited with the exception of tracks 1, 2, 5, 10, 11, 12, 16  (P)2017, tracks 3, 6, 7, 8, 9, 13, 14 (P)2016, tracks 4, 15, 17  (P)2015, track 21  (P) 2018 Sony Music Entertainment UK Limited, track 22 (P)2018 SILK CITY IP, LLC. Under exclusive license to Columbia Records and Sony Music Entertainment UK Limited, track 23 (P)2016 STMPD RCRDS B.V. exclusively licensed to Epic Amsterdam, a division of Sony Music Entertainment Netherlands B.V., track 24  (P) 2016 SPJ Productions Ltd, under exclusive licence to Island Records, a division of Universal Music Operations Limited.",
        "artistId": "1031397873",
        "artistUrl": "https://itunes.apple.com/WebObjects/MZStore.woa/wa/viewCollaboration?cc=th&ids=1031397873-1141774019&app=music",
        "artworkUrl100": "https://is3-ssl.mzstatic.com/image/thumb/Music128/v4/16/4f/44/164f448d-bbf0-939e-f209-047651c8629c/source/200x200bb.png",
        "genres": [
          {
            "genreId": "14",
            "name": "Pop",
            "url": "https://itunes.apple.com/th/genre/id14"
          },
          {
            "genreId": "34",
            "name": "Music",
            "url": "https://itunes.apple.com/th/genre/id34"
          }
        ],
        "url": "https://itunes.apple.com/th/album/kiss-and-make-up/1434849473?i=1434849693&app=music"
      },
      {
        "artistName": "ACTART",
        "id": "1407440561",
        "releaseDate": "2017-05-26",
        "name": "นอกจากชื่อฉัน",
        "collectionName": "นอกจากชื่อฉัน - Single",
        "kind": "song",
        "copyright": "℗ 2017 Battery Music",
        "artistId": "1368821680",
        "artistUrl": "https://itunes.apple.com/th/artist/actart/1368821680?app=music",
        "artworkUrl100": "https://is1-ssl.mzstatic.com/image/thumb/Music125/v4/b4/49/d3/b449d3c7-57ef-8b87-cbe3-63bc85487682/source/200x200bb.png",
        "genres": [
          {
            "genreId": "1260",
            "name": "Thai Pop",
            "url": "https://itunes.apple.com/th/genre/id1260"
          },
          {
            "genreId": "34",
            "name": "Music",
            "url": "https://itunes.apple.com/th/genre/id34"
          },
          {
            "genreId": "14",
            "name": "Pop",
            "url": "https://itunes.apple.com/th/genre/id14"
          }
        ],
        "url": "https://itunes.apple.com/th/album/%E0%B8%99%E0%B8%AD%E0%B8%81%E0%B8%88%E0%B8%B2%E0%B8%81%E0%B8%8A-%E0%B8%AD%E0%B8%89-%E0%B8%99/1407440301?i=1407440561&app=music"
      },
      {
        "artistName": "BLACKPINK",
        "id": "1398185834",
        "releaseDate": "2018-06-15",
        "name": "DDU-DU DDU-DU",
        "collectionName": "SQUARE UP - EP",
        "kind": "song",
        "copyright": "℗ 2018 YG Entertainment",
        "artistId": "1141774019",
        "artistUrl": "https://itunes.apple.com/th/artist/blackpink/1141774019?app=music",
        "artworkUrl100": "https://is1-ssl.mzstatic.com/image/thumb/Music115/v4/4d/c3/c3/4dc3c3db-ed1f-1c6d-0452-c5b8db8003b7/source/200x200bb.png",
        "genres": [
          {
            "genreId": "51",
            "name": "K-Pop",
            "url": "https://itunes.apple.com/th/genre/id51"
          },
          {
            "genreId": "34",
            "name": "Music",
            "url": "https://itunes.apple.com/th/genre/id34"
          },
          {
            "genreId": "14",
            "name": "Pop",
            "url": "https://itunes.apple.com/th/genre/id14"
          },
          {
            "genreId": "18",
            "name": "Hip-Hop/Rap",
            "url": "https://itunes.apple.com/th/genre/id18"
          }
        ],
        "url": "https://itunes.apple.com/th/album/ddu-du-ddu-du/1398185606?i=1398185834&app=music"
      },
      {
        "artistName": "TWICE",
        "id": "1440972732",
        "releaseDate": "2018-11-05",
        "name": "YES or YES",
        "collectionName": "YES or YES",
        "kind": "song",
        "copyright": "℗ 2018 JYP Entertainment",
        "artistId": "1203816887",
        "artistUrl": "https://itunes.apple.com/th/artist/twice/1203816887?app=music",
        "artworkUrl100": "https://is2-ssl.mzstatic.com/image/thumb/Music128/v4/9c/54/a9/9c54a945-f7ad-1dc9-c112-f3a3e0b6185b/source/200x200bb.png",
        "genres": [
          {
            "genreId": "51",
            "name": "K-Pop",
            "url": "https://itunes.apple.com/th/genre/id51"
          },
          {
            "genreId": "34",
            "name": "Music",
            "url": "https://itunes.apple.com/th/genre/id34"
          },
          {
            "genreId": "14",
            "name": "Pop",
            "url": "https://itunes.apple.com/th/genre/id14"
          },
          {
            "genreId": "17",
            "name": "Dance",
            "url": "https://itunes.apple.com/th/genre/id17"
          }
        ],
        "url": "https://itunes.apple.com/th/album/yes-or-yes/1440972731?i=1440972732&app=music"
      },
      {
        "artistName": "F.HERO",
        "id": "1438129585",
        "releaseDate": "2018-10-11",
        "name": "เสือสิ้นลาย (feat. Youngohm, P-Hot & Fymme)",
        "collectionName": "เสือสิ้นลาย (feat. Youngohm, P-Hot & Fymme) - Single",
        "kind": "song",
        "copyright": "℗ 2018 What The Duck",
        "artistId": "1408535810",
        "artistUrl": "https://itunes.apple.com/th/artist/f-hero/1408535810?app=music",
        "artworkUrl100": "https://is2-ssl.mzstatic.com/image/thumb/Music128/v4/bc/f6/0c/bcf60c2c-6be5-48b9-360b-eae9567cc540/source/200x200bb.png",
        "genres": [
          {
            "genreId": "18",
            "name": "Hip-Hop/Rap",
            "url": "https://itunes.apple.com/th/genre/id18"
          },
          {
            "genreId": "34",
            "name": "Music",
            "url": "https://itunes.apple.com/th/genre/id34"
          }
        ],
        "url": "https://itunes.apple.com/th/album/%E0%B9%80%E0%B8%AA-%E0%B8%AD%E0%B8%AA-%E0%B8%99%E0%B8%A5%E0%B8%B2%E0%B8%A2-feat-youngohm-p-hot-fymme/1438129582?i=1438129585&app=music"
      },
      {
        "artistName": "HONNE",
        "id": "1361177774",
        "releaseDate": "2018-04-03",
        "name": "Day 1 ◑",
        "collectionName": "Day 1 ◑ / Sometimes ◐ - Single",
        "kind": "song",
        "copyright": "℗ 2018 Tatemae Recordings, a division of Atlantic Records UK. A Warner Music Group Company",
        "artistId": "906366067",
        "artistUrl": "https://itunes.apple.com/th/artist/honne/906366067?app=music",
        "artworkUrl100": "https://is1-ssl.mzstatic.com/image/thumb/Music128/v4/5f/6d/82/5f6d8268-2933-10da-fdf5-cf07cf20a35b/source/200x200bb.png",
        "genres": [
          {
            "genreId": "20",
            "name": "Alternative",
            "url": "https://itunes.apple.com/th/genre/id20"
          },
          {
            "genreId": "34",
            "name": "Music",
            "url": "https://itunes.apple.com/th/genre/id34"
          }
        ],
        "url": "https://itunes.apple.com/th/album/day-1/1361177735?i=1361177774&app=music"
      },
      {
        "artistName": "EXO",
        "id": "1440782413",
        "releaseDate": "2018-11-02",
        "name": "Ooh La La La",
        "collectionName": "DON’T MESS UP MY TEMPO – The 5th Album",
        "kind": "song",
        "copyright": "℗ 2018 SM Entertainment",
        "artistId": "657630070",
        "artistUrl": "https://itunes.apple.com/th/artist/exo/657630070?app=music",
        "artworkUrl100": "https://is4-ssl.mzstatic.com/image/thumb/Music118/v4/43/e7/ae/43e7aee9-ef63-eb49-6541-02c62ce3cad6/source/200x200bb.png",
        "genres": [
          {
            "genreId": "51",
            "name": "K-Pop",
            "url": "https://itunes.apple.com/th/genre/id51"
          },
          {
            "genreId": "34",
            "name": "Music",
            "url": "https://itunes.apple.com/th/genre/id34"
          },
          {
            "genreId": "14",
            "name": "Pop",
            "url": "https://itunes.apple.com/th/genre/id14"
          }
        ],
        "url": "https://itunes.apple.com/th/album/ooh-la-la-la/1440782229?i=1440782413&app=music"
      },
      {
        "artistName": "Violette Wautier",
        "id": "1439429640",
        "releaseDate": "2018-10-26",
        "name": "Smoke",
        "collectionName": "Smoke - Single",
        "kind": "song",
        "copyright": "℗ 2018 Violette Wautier",
        "artistId": "1024195544",
        "artistUrl": "https://itunes.apple.com/th/artist/violette-wautier/1024195544?app=music",
        "artworkUrl100": "https://is1-ssl.mzstatic.com/image/thumb/Music118/v4/f7/e7/b9/f7e7b918-f643-89d9-9b38-86360dfd3569/source/200x200bb.png",
        "genres": [
          {
            "genreId": "20",
            "name": "Alternative",
            "url": "https://itunes.apple.com/th/genre/id20"
          },
          {
            "genreId": "34",
            "name": "Music",
            "url": "https://itunes.apple.com/th/genre/id34"
          }
        ],
        "url": "https://itunes.apple.com/th/album/smoke/1439429636?i=1439429640&app=music"
      },
      {
        "artistName": "Atom Chanakan",
        "id": "1437782568",
        "releaseDate": "2018-11-01",
        "name": "หนึ่งคืน",
        "collectionName": "หนึ่งคืน - Single",
        "kind": "song",
        "copyright": "℗ 2018 GMM Grammy PCL.",
        "artistId": "958056826",
        "artistUrl": "https://itunes.apple.com/th/artist/atom-chanakan/958056826?app=music",
        "artworkUrl100": "https://is5-ssl.mzstatic.com/image/thumb/Music118/v4/23/29/50/232950ad-730a-31ae-7de3-30d7ee163c6d/source/200x200bb.png",
        "genres": [
          {
            "genreId": "14",
            "name": "Pop",
            "url": "https://itunes.apple.com/th/genre/id14"
          },
          {
            "genreId": "34",
            "name": "Music",
            "url": "https://itunes.apple.com/th/genre/id34"
          }
        ],
        "url": "https://itunes.apple.com/th/album/%E0%B8%AB%E0%B8%99-%E0%B8%87%E0%B8%84-%E0%B8%99/1437782260?i=1437782568&app=music"
      },
      {
        "artistName": "Marshmello & Bastille",
        "id": "1424704480",
        "releaseDate": "2018-08-17",
        "name": "Happier",
        "collectionName": "Happier - Single",
        "kind": "song",
        "copyright": "Astralwerks; ℗ 2018 Joytime Collective, under exclusive license to UMG Recordings, Inc.",
        "artistId": "980795202",
        "artistUrl": "https://itunes.apple.com/WebObjects/MZStore.woa/wa/viewCollaboration?cc=th&ids=980795202-420203509&app=music",
        "artworkUrl100": "https://is5-ssl.mzstatic.com/image/thumb/Music118/v4/8b/39/c4/8b39c4c8-f28d-2951-b787-e4db2f7b97b4/source/200x200bb.png",
        "genres": [
          {
            "genreId": "17",
            "name": "Dance",
            "url": "https://itunes.apple.com/th/genre/id17"
          },
          {
            "genreId": "34",
            "name": "Music",
            "url": "https://itunes.apple.com/th/genre/id34"
          }
        ],
        "url": "https://itunes.apple.com/th/album/happier/1424703172?i=1424704480&app=music"
      },
      {
        "artistName": "BLACKPINK",
        "id": "1398185835",
        "releaseDate": "2018-06-15",
        "name": "Forever Young",
        "collectionName": "SQUARE UP - EP",
        "kind": "song",
        "copyright": "℗ 2018 YG Entertainment",
        "artistId": "1141774019",
        "artistUrl": "https://itunes.apple.com/th/artist/blackpink/1141774019?app=music",
        "artworkUrl100": "https://is1-ssl.mzstatic.com/image/thumb/Music115/v4/4d/c3/c3/4dc3c3db-ed1f-1c6d-0452-c5b8db8003b7/source/200x200bb.png",
        "genres": [
          {
            "genreId": "51",
            "name": "K-Pop",
            "url": "https://itunes.apple.com/th/genre/id51"
          },
          {
            "genreId": "34",
            "name": "Music",
            "url": "https://itunes.apple.com/th/genre/id34"
          },
          {
            "genreId": "14",
            "name": "Pop",
            "url": "https://itunes.apple.com/th/genre/id14"
          },
          {
            "genreId": "17",
            "name": "Dance",
            "url": "https://itunes.apple.com/th/genre/id17"
          }
        ],
        "url": "https://itunes.apple.com/th/album/forever-young/1398185606?i=1398185835&app=music"
      },
      {
        "artistName": "Ink Waruntorn",
        "id": "1439424602",
        "releaseDate": "2018-11-02",
        "name": "ความลับมีในโลก",
        "collectionName": "ความลับมีในโลก - Single",
        "kind": "song",
        "copyright": "℗ 2018 Boxx Music",
        "artistId": "1085511635",
        "artistUrl": "https://itunes.apple.com/th/artist/ink-waruntorn/1085511635?app=music",
        "artworkUrl100": "https://is2-ssl.mzstatic.com/image/thumb/Music118/v4/5e/d9/d6/5ed9d69a-d72e-0f21-8a8f-56f231eb39be/source/200x200bb.png",
        "genres": [
          {
            "genreId": "14",
            "name": "Pop",
            "url": "https://itunes.apple.com/th/genre/id14"
          },
          {
            "genreId": "34",
            "name": "Music",
            "url": "https://itunes.apple.com/th/genre/id34"
          }
        ],
        "url": "https://itunes.apple.com/th/album/%E0%B8%84%E0%B8%A7%E0%B8%B2%E0%B8%A1%E0%B8%A5-%E0%B8%9A%E0%B8%A1-%E0%B9%83%E0%B8%99%E0%B9%82%E0%B8%A5%E0%B8%81/1439424599?i=1439424602&app=music"
      },
      {
        "artistName": "Non Tanon",
        "id": "1397436456",
        "releaseDate": "2018-06-15",
        "name": "มีผลต่อหัวใจ",
        "collectionName": "มีผลต่อหัวใจ - Single",
        "kind": "song",
        "copyright": "℗ 2018  Panther Entertainment Co., Ltd",
        "artistId": "671377502",
        "artistUrl": "https://itunes.apple.com/th/artist/non-tanon/671377502?app=music",
        "artworkUrl100": "https://is1-ssl.mzstatic.com/image/thumb/Music115/v4/38/0a/cb/380acb57-c3db-a51c-d799-5766a8762755/source/200x200bb.png",
        "genres": [
          {
            "genreId": "14",
            "name": "Pop",
            "url": "https://itunes.apple.com/th/genre/id14"
          },
          {
            "genreId": "34",
            "name": "Music",
            "url": "https://itunes.apple.com/th/genre/id34"
          }
        ],
        "url": "https://itunes.apple.com/th/album/%E0%B8%A1-%E0%B8%9C%E0%B8%A5%E0%B8%95-%E0%B8%AD%E0%B8%AB-%E0%B8%A7%E0%B9%83%E0%B8%88/1397436444?i=1397436456&app=music"
      },
      {
        "artistName": "Post Malone & Swae Lee",
        "id": "1439090295",
        "releaseDate": "2018-10-18",
        "name": "Sunflower (Spider-Man: Into the Spider-Verse)",
        "collectionName": "Sunflower (Spider-Man: Into the Spider-Verse) - Single",
        "kind": "song",
        "copyright": "This Compilation ℗ 2018 Republic Records, a division of UMG Recordings, Inc.",
        "artistId": "966309175",
        "artistUrl": "https://itunes.apple.com/WebObjects/MZStore.woa/wa/viewCollaboration?cc=th&ids=966309175-922547500&app=music",
        "artworkUrl100": "https://is4-ssl.mzstatic.com/image/thumb/Music118/v4/e6/43/fe/e643fe0f-faa2-6141-c8da-c011eecc452e/source/200x200bb.png",
        "genres": [
          {
            "genreId": "18",
            "name": "Hip-Hop/Rap",
            "url": "https://itunes.apple.com/th/genre/id18"
          },
          {
            "genreId": "34",
            "name": "Music",
            "url": "https://itunes.apple.com/th/genre/id34"
          }
        ],
        "url": "https://itunes.apple.com/th/album/sunflower-spider-man-into-the-spider-verse/1439090291?i=1439090295&app=music"
      },
      {
        "artistName": "Getsunova",
        "id": "1417847538",
        "releaseDate": "2018-08-03",
        "name": "ความเงียบดังที่สุด",
        "collectionName": "ความเงียบดังที่สุด - Single",
        "kind": "song",
        "copyright": "℗ 2018 GMM Grammy PCL.",
        "artistId": "331482134",
        "artistUrl": "https://itunes.apple.com/th/artist/getsunova/331482134?app=music",
        "artworkUrl100": "https://is1-ssl.mzstatic.com/image/thumb/Music128/v4/c4/61/fa/c461faae-21b5-ff25-530f-494249ddc33e/source/200x200bb.png",
        "genres": [
          {
            "genreId": "14",
            "name": "Pop",
            "url": "https://itunes.apple.com/th/genre/id14"
          },
          {
            "genreId": "34",
            "name": "Music",
            "url": "https://itunes.apple.com/th/genre/id34"
          }
        ],
        "url": "https://itunes.apple.com/th/album/%E0%B8%84%E0%B8%A7%E0%B8%B2%E0%B8%A1%E0%B9%80%E0%B8%87-%E0%B8%A2%E0%B8%9A%E0%B8%94-%E0%B8%87%E0%B8%97-%E0%B8%AA-%E0%B8%94/1417847536?i=1417847538&app=music"
      },
      {
        "artistName": "The TOYS",
        "id": "1439087880",
        "releaseDate": "2018-10-25",
        "name": "พูดไม่ออก",
        "collectionName": "SUN",
        "kind": "song",
        "copyright": "℗ 2018 What The Duck",
        "artistId": "1191438753",
        "artistUrl": "https://itunes.apple.com/th/artist/the-toys/1191438753?app=music",
        "artworkUrl100": "https://is2-ssl.mzstatic.com/image/thumb/Music128/v4/ef/66/ff/ef66ff38-eadd-dae8-efec-7a0b1c98c85f/source/200x200bb.png",
        "genres": [
          {
            "genreId": "14",
            "name": "Pop",
            "url": "https://itunes.apple.com/th/genre/id14"
          },
          {
            "genreId": "34",
            "name": "Music",
            "url": "https://itunes.apple.com/th/genre/id34"
          }
        ],
        "url": "https://itunes.apple.com/th/album/%E0%B8%9E-%E0%B8%94%E0%B9%84%E0%B8%A1-%E0%B8%AD%E0%B8%AD%E0%B8%81/1439087464?i=1439087880&app=music"
      },
      {
        "artistName": "Season Five",
        "id": "1434008792",
        "releaseDate": "2018-09-07",
        "name": "ต่อให้",
        "collectionName": "ต่อให้ - Single",
        "kind": "song",
        "copyright": "℗ 2018 Me Records",
        "artistId": "505368594",
        "artistUrl": "https://itunes.apple.com/th/artist/season-five/505368594?app=music",
        "artworkUrl100": "https://is3-ssl.mzstatic.com/image/thumb/Music128/v4/a0/dc/1c/a0dc1c02-1e7d-95e2-7e58-c3d22af219de/source/200x200bb.png",
        "genres": [
          {
            "genreId": "14",
            "name": "Pop",
            "url": "https://itunes.apple.com/th/genre/id14"
          },
          {
            "genreId": "34",
            "name": "Music",
            "url": "https://itunes.apple.com/th/genre/id34"
          }
        ],
        "url": "https://itunes.apple.com/th/album/%E0%B8%95-%E0%B8%AD%E0%B9%83%E0%B8%AB/1434008783?i=1434008792&app=music"
      },
      {
        "artistName": "Anne-Marie",
        "id": "1418704730",
        "releaseDate": "2018-04-20",
        "name": "2002",
        "collectionName": "Speak Your Mind (Deluxe)",
        "kind": "song",
        "copyright": "℗ 2018 Major Tom's / Asylum Records, a division of Warner Music UK Limited with the exception of tracks 3 and 13 (P) 2015, track 17 (P) 2016 and tracks 2, 5, 9 (P) 2017 Major Tom's / Asylum Records, a division of Warner Music UK Limited and track 7 (P) 2018 Joytime Collective under exclusive licence to Asylum Records, a division of Warner Music UK Limited and track 18 (P)2018 What A Music Ltd, Under Exclusive Licence to Parlophone/Warner Music France, a Warner Music Group Company",
        "artistId": "474724108",
        "artistUrl": "https://itunes.apple.com/th/artist/anne-marie/474724108?app=music",
        "artworkUrl100": "https://is5-ssl.mzstatic.com/image/thumb/Music118/v4/f5/2e/a7/f52ea747-990d-d925-3dff-b86915c9ab18/source/200x200bb.png",
        "genres": [
          {
            "genreId": "14",
            "name": "Pop",
            "url": "https://itunes.apple.com/th/genre/id14"
          },
          {
            "genreId": "34",
            "name": "Music",
            "url": "https://itunes.apple.com/th/genre/id34"
          }
        ],
        "url": "https://itunes.apple.com/th/album/2002/1418704441?i=1418704730&app=music"
      },
      {
        "artistName": "Maroon 5",
        "id": "1381589780",
        "releaseDate": "2018-05-30",
        "name": "Girls Like You (feat. Cardi B)",
        "collectionName": "Girls Like You (feat. Cardi B) - Single",
        "kind": "song",
        "copyright": "℗ 2018 Interscope Records (222 Records)",
        "artistId": "1798556",
        "contentAdvisoryRating": "Explicit",
        "artistUrl": "https://itunes.apple.com/th/artist/maroon-5/1798556?app=music",
        "artworkUrl100": "https://is2-ssl.mzstatic.com/image/thumb/Music125/v4/a4/79/e7/a479e75e-42a2-45f5-2d88-c743c9f4535c/source/200x200bb.png",
        "genres": [
          {
            "genreId": "14",
            "name": "Pop",
            "url": "https://itunes.apple.com/th/genre/id14"
          },
          {
            "genreId": "34",
            "name": "Music",
            "url": "https://itunes.apple.com/th/genre/id34"
          }
        ],
        "url": "https://itunes.apple.com/th/album/girls-like-you-feat-cardi-b/1381588297?i=1381589780&app=music"
      },
      {
        "artistName": "โอ๊ต ปราโมทย์",
        "id": "1432523590",
        "releaseDate": "2018-08-29",
        "name": "ติดตลก",
        "collectionName": "ติดตลก - Single",
        "kind": "song",
        "copyright": "℗ 2018 GMM Grammy PCL.",
        "artistId": "912307932",
        "artistUrl": "https://itunes.apple.com/th/artist/%E0%B9%82%E0%B8%AD-%E0%B8%95-%E0%B8%9B%E0%B8%A3%E0%B8%B2%E0%B9%82%E0%B8%A1%E0%B8%97%E0%B8%A2/912307932?app=music",
        "artworkUrl100": "https://is2-ssl.mzstatic.com/image/thumb/Music128/v4/71/52/17/7152175a-796a-e687-4fb4-1da9f4e12fc0/source/200x200bb.png",
        "genres": [
          {
            "genreId": "14",
            "name": "Pop",
            "url": "https://itunes.apple.com/th/genre/id14"
          },
          {
            "genreId": "34",
            "name": "Music",
            "url": "https://itunes.apple.com/th/genre/id34"
          }
        ],
        "url": "https://itunes.apple.com/th/album/%E0%B8%95-%E0%B8%94%E0%B8%95%E0%B8%A5%E0%B8%81/1432523313?i=1432523590&app=music"
      },
      {
        "artistName": "Pop Pongkool",
        "id": "1350344240",
        "releaseDate": "2018-03-09",
        "name": "ภาพจำ",
        "collectionName": "ภาพจำ - Single",
        "kind": "song",
        "copyright": "℗ 2018 GMM Grammy PCL.",
        "artistId": "592702233",
        "artistUrl": "https://itunes.apple.com/th/artist/pop-pongkool/592702233?app=music",
        "artworkUrl100": "https://is1-ssl.mzstatic.com/image/thumb/Music118/v4/62/7c/27/627c27d5-7844-c35c-4c1a-d5de74151e1c/source/200x200bb.png",
        "genres": [
          {
            "genreId": "14",
            "name": "Pop",
            "url": "https://itunes.apple.com/th/genre/id14"
          },
          {
            "genreId": "34",
            "name": "Music",
            "url": "https://itunes.apple.com/th/genre/id34"
          }
        ],
        "url": "https://itunes.apple.com/th/album/%E0%B8%A0%E0%B8%B2%E0%B8%9E%E0%B8%88%E0%B8%B3/1350344235?i=1350344240&app=music"
      },
      {
        "artistName": "EXO",
        "id": "1440782412",
        "releaseDate": "2018-11-02",
        "name": "Sign",
        "collectionName": "DON’T MESS UP MY TEMPO – The 5th Album",
        "kind": "song",
        "copyright": "℗ 2018 SM Entertainment",
        "artistId": "657630070",
        "artistUrl": "https://itunes.apple.com/th/artist/exo/657630070?app=music",
        "artworkUrl100": "https://is4-ssl.mzstatic.com/image/thumb/Music118/v4/43/e7/ae/43e7aee9-ef63-eb49-6541-02c62ce3cad6/source/200x200bb.png",
        "genres": [
          {
            "genreId": "51",
            "name": "K-Pop",
            "url": "https://itunes.apple.com/th/genre/id51"
          },
          {
            "genreId": "34",
            "name": "Music",
            "url": "https://itunes.apple.com/th/genre/id34"
          },
          {
            "genreId": "14",
            "name": "Pop",
            "url": "https://itunes.apple.com/th/genre/id14"
          }
        ],
        "url": "https://itunes.apple.com/th/album/sign/1440782229?i=1440782412&app=music"
      },
      {
        "artistName": "iKON",
        "id": "1339623399",
        "releaseDate": "2018-01-25",
        "name": "LOVE SCENARIO",
        "collectionName": "Return",
        "kind": "song",
        "copyright": "℗ 2018 YG Entertainment",
        "artistId": "1044506362",
        "artistUrl": "https://itunes.apple.com/th/artist/ikon/1044506362?app=music",
        "artworkUrl100": "https://is2-ssl.mzstatic.com/image/thumb/Music62/v4/c5/ae/38/c5ae38fa-eb21-476a-08e0-26ce71371bac/source/200x200bb.png",
        "genres": [
          {
            "genreId": "51",
            "name": "K-Pop",
            "url": "https://itunes.apple.com/th/genre/id51"
          },
          {
            "genreId": "34",
            "name": "Music",
            "url": "https://itunes.apple.com/th/genre/id34"
          },
          {
            "genreId": "14",
            "name": "Pop",
            "url": "https://itunes.apple.com/th/genre/id14"
          },
          {
            "genreId": "18",
            "name": "Hip-Hop/Rap",
            "url": "https://itunes.apple.com/th/genre/id18"
          }
        ],
        "url": "https://itunes.apple.com/th/album/love-scenario/1339623377?i=1339623399&app=music"
      },
      {
        "artistName": "EXO",
        "id": "1440782423",
        "releaseDate": "2018-11-02",
        "name": "24/7",
        "collectionName": "DON’T MESS UP MY TEMPO – The 5th Album",
        "kind": "song",
        "copyright": "℗ 2018 SM Entertainment",
        "artistId": "657630070",
        "artistUrl": "https://itunes.apple.com/th/artist/exo/657630070?app=music",
        "artworkUrl100": "https://is4-ssl.mzstatic.com/image/thumb/Music118/v4/43/e7/ae/43e7aee9-ef63-eb49-6541-02c62ce3cad6/source/200x200bb.png",
        "genres": [
          {
            "genreId": "51",
            "name": "K-Pop",
            "url": "https://itunes.apple.com/th/genre/id51"
          },
          {
            "genreId": "34",
            "name": "Music",
            "url": "https://itunes.apple.com/th/genre/id34"
          },
          {
            "genreId": "14",
            "name": "Pop",
            "url": "https://itunes.apple.com/th/genre/id14"
          }
        ],
        "url": "https://itunes.apple.com/th/album/24-7/1440782229?i=1440782423&app=music"
      },
      {
        "artistName": "Troye Sivan",
        "id": "1334779522",
        "releaseDate": "2018-03-16",
        "name": "Strawberries & Cigarettes",
        "collectionName": "Love, Simon (Original Motion Picture Soundtrack)",
        "kind": "song",
        "copyright": "℗ This Compilation (P) 2018 RCA Records, a division of Sony Music Entertainment",
        "artistId": "396295677",
        "artistUrl": "https://itunes.apple.com/th/artist/troye-sivan/396295677?app=music",
        "artworkUrl100": "https://is4-ssl.mzstatic.com/image/thumb/Music128/v4/1e/78/70/1e787027-a8c9-1ca6-cb3b-e1045dc894a4/source/200x200bb.png",
        "genres": [
          {
            "genreId": "16",
            "name": "Soundtrack",
            "url": "https://itunes.apple.com/th/genre/id16"
          },
          {
            "genreId": "34",
            "name": "Music",
            "url": "https://itunes.apple.com/th/genre/id34"
          }
        ],
        "url": "https://itunes.apple.com/th/album/strawberries-cigarettes/1334779517?i=1334779522&app=music"
      },
      {
        "artistName": "benny blanco, Halsey & Khalid",
        "id": "1405952327",
        "releaseDate": "2018-07-13",
        "name": "Eastside",
        "collectionName": "Eastside - Single",
        "kind": "song",
        "copyright": "℗ 2018 Friends Keep Secrets/Interscope Records",
        "artistId": "1410841257",
        "artistUrl": "https://itunes.apple.com/WebObjects/MZStore.woa/wa/viewCollaboration?cc=th&ids=1410841257-324916925-82842423&app=music",
        "artworkUrl100": "https://is2-ssl.mzstatic.com/image/thumb/Music115/v4/16/63/75/1663755a-545d-5ca2-6862-c8a8459f0701/source/200x200bb.png",
        "genres": [
          {
            "genreId": "14",
            "name": "Pop",
            "url": "https://itunes.apple.com/th/genre/id14"
          },
          {
            "genreId": "34",
            "name": "Music",
            "url": "https://itunes.apple.com/th/genre/id34"
          }
        ],
        "url": "https://itunes.apple.com/th/album/eastside/1405952326?i=1405952327&app=music"
      },
      {
        "artistName": "Ed Sheeran",
        "id": "1193701400",
        "releaseDate": "2017-03-03",
        "name": "Perfect",
        "collectionName": "÷ (Deluxe)",
        "kind": "song",
        "copyright": "℗ 2017 Asylum Records UK, a division of Atlantic Records UK, a Warner Music Group company.",
        "artistId": "183313439",
        "artistUrl": "https://itunes.apple.com/th/artist/ed-sheeran/183313439?app=music",
        "artworkUrl100": "https://is5-ssl.mzstatic.com/image/thumb/Music122/v4/ef/ca/a4/efcaa44a-517a-98e3-2353-5bff15471ed5/source/200x200bb.png",
        "genres": [
          {
            "genreId": "14",
            "name": "Pop",
            "url": "https://itunes.apple.com/th/genre/id14"
          },
          {
            "genreId": "34",
            "name": "Music",
            "url": "https://itunes.apple.com/th/genre/id34"
          },
          {
            "genreId": "10",
            "name": "Singer/Songwriter",
            "url": "https://itunes.apple.com/th/genre/id10"
          }
        ],
        "url": "https://itunes.apple.com/th/album/perfect/1193701079?i=1193701400&app=music"
      },
      {
        "artistName": "Lipta",
        "id": "1366187455",
        "releaseDate": "2018-04-03",
        "name": "หมอกร้าย (feat. Fongbeer & Kob the X factor)",
        "collectionName": "หมอกร้าย & คิดถึงเสมอ - Single",
        "kind": "song",
        "copyright": "℗ 2018 Lipta",
        "artistId": "307680660",
        "artistUrl": "https://itunes.apple.com/th/artist/lipta/307680660?app=music",
        "artworkUrl100": "https://is5-ssl.mzstatic.com/image/thumb/Music128/v4/f3/5a/a2/f35aa2ef-bed4-a19f-430b-a64f3be4dc72/source/200x200bb.png",
        "genres": [
          {
            "genreId": "1260",
            "name": "Thai Pop",
            "url": "https://itunes.apple.com/th/genre/id1260"
          },
          {
            "genreId": "34",
            "name": "Music",
            "url": "https://itunes.apple.com/th/genre/id34"
          },
          {
            "genreId": "14",
            "name": "Pop",
            "url": "https://itunes.apple.com/th/genre/id14"
          }
        ],
        "url": "https://itunes.apple.com/th/album/%E0%B8%AB%E0%B8%A1%E0%B8%AD%E0%B8%81%E0%B8%A3-%E0%B8%B2%E0%B8%A2-feat-fongbeer-kob-the-x-factor/1366187224?i=1366187455&app=music"
      },
      {
        "artistName": "Room39",
        "id": "1384948447",
        "releaseDate": "2018-05-21",
        "name": "บอกตัวเอง (feat. โป่ง หินเหล็กไฟ)",
        "collectionName": "บอกตัวเอง (feat. โป่ง หินเหล็กไฟ) - Single",
        "kind": "song",
        "copyright": "℗ 2018 LOVEiS Co.,Ltd.",
        "artistId": "285747369",
        "artistUrl": "https://itunes.apple.com/th/artist/room39/285747369?app=music",
        "artworkUrl100": "https://is5-ssl.mzstatic.com/image/thumb/Music125/v4/3e/b8/dd/3eb8dd7b-bcd2-5eb9-afdd-6c5864bdab84/source/200x200bb.png",
        "genres": [
          {
            "genreId": "14",
            "name": "Pop",
            "url": "https://itunes.apple.com/th/genre/id14"
          },
          {
            "genreId": "34",
            "name": "Music",
            "url": "https://itunes.apple.com/th/genre/id34"
          }
        ],
        "url": "https://itunes.apple.com/th/album/%E0%B8%9A%E0%B8%AD%E0%B8%81%E0%B8%95-%E0%B8%A7%E0%B9%80%E0%B8%AD%E0%B8%87-feat-%E0%B9%82%E0%B8%9B-%E0%B8%87-%E0%B8%AB-%E0%B8%99%E0%B9%80%E0%B8%AB%E0%B8%A5-%E0%B8%81%E0%B9%84%E0%B8%9F/1384948442?i=1384948447&app=music"
      },
      {
        "artistName": "Khalid",
        "id": "1200868874",
        "releaseDate": "2017-02-02",
        "name": "Young Dumb & Broke",
        "collectionName": "American Teen",
        "kind": "song",
        "copyright": "℗ 2017 RCA Records, a division of Sony Music Entertainment",
        "artistId": "82842423",
        "artistUrl": "https://itunes.apple.com/th/artist/khalid/82842423?app=music",
        "artworkUrl100": "https://is5-ssl.mzstatic.com/image/thumb/Music122/v4/b9/ab/a7/b9aba7fd-bccd-9e84-8cc6-41f616ddb429/source/200x200bb.png",
        "genres": [
          {
            "genreId": "15",
            "name": "R&B/Soul",
            "url": "https://itunes.apple.com/th/genre/id15"
          },
          {
            "genreId": "34",
            "name": "Music",
            "url": "https://itunes.apple.com/th/genre/id34"
          }
        ],
        "url": "https://itunes.apple.com/th/album/young-dumb-broke/1200868601?i=1200868874&app=music"
      },
      {
        "artistName": "Steve Aoki",
        "id": "1439862582",
        "releaseDate": "2018-10-25",
        "name": "Waste It on Me (feat. BTS)",
        "collectionName": "Neon Future III",
        "kind": "song",
        "copyright": "℗ 2018 Ultra Records, LLC",
        "artistId": "271066694",
        "artistUrl": "https://itunes.apple.com/th/artist/steve-aoki/271066694?app=music",
        "artworkUrl100": "https://is4-ssl.mzstatic.com/image/thumb/Music128/v4/cf/e1/3f/cfe13fbe-8d1e-1371-f1b7-58c76873b224/source/200x200bb.png",
        "genres": [
          {
            "genreId": "17",
            "name": "Dance",
            "url": "https://itunes.apple.com/th/genre/id17"
          },
          {
            "genreId": "34",
            "name": "Music",
            "url": "https://itunes.apple.com/th/genre/id34"
          },
          {
            "genreId": "7",
            "name": "Electronic",
            "url": "https://itunes.apple.com/th/genre/id7"
          }
        ],
        "url": "https://itunes.apple.com/th/album/waste-it-on-me-feat-bts/1439862278?i=1439862582&app=music"
      },
      {
        "artistName": "IU",
        "id": "1440552735",
        "releaseDate": "2018-10-30",
        "name": "Bbibbi",
        "collectionName": "Bbibbi - Single",
        "kind": "song",
        "copyright": "℗ 2018 KakaoM",
        "artistId": "409076743",
        "artistUrl": "https://itunes.apple.com/th/artist/iu/409076743?app=music",
        "artworkUrl100": "https://is3-ssl.mzstatic.com/image/thumb/Music118/v4/6a/27/18/6a27184b-f6b8-a3d8-0cf2-cfa48b14968a/source/200x200bb.png",
        "genres": [
          {
            "genreId": "51",
            "name": "K-Pop",
            "url": "https://itunes.apple.com/th/genre/id51"
          },
          {
            "genreId": "34",
            "name": "Music",
            "url": "https://itunes.apple.com/th/genre/id34"
          },
          {
            "genreId": "14",
            "name": "Pop",
            "url": "https://itunes.apple.com/th/genre/id14"
          }
        ],
        "url": "https://itunes.apple.com/th/album/bbibbi/1440552733?i=1440552735&app=music"
      },
      {
        "artistName": "EXO",
        "id": "1440782415",
        "releaseDate": "2018-11-02",
        "name": "Gravity",
        "collectionName": "DON’T MESS UP MY TEMPO – The 5th Album",
        "kind": "song",
        "copyright": "℗ 2018 SM Entertainment",
        "artistId": "657630070",
        "artistUrl": "https://itunes.apple.com/th/artist/exo/657630070?app=music",
        "artworkUrl100": "https://is4-ssl.mzstatic.com/image/thumb/Music118/v4/43/e7/ae/43e7aee9-ef63-eb49-6541-02c62ce3cad6/source/200x200bb.png",
        "genres": [
          {
            "genreId": "51",
            "name": "K-Pop",
            "url": "https://itunes.apple.com/th/genre/id51"
          },
          {
            "genreId": "34",
            "name": "Music",
            "url": "https://itunes.apple.com/th/genre/id34"
          },
          {
            "genreId": "14",
            "name": "Pop",
            "url": "https://itunes.apple.com/th/genre/id14"
          }
        ],
        "url": "https://itunes.apple.com/th/album/gravity/1440782229?i=1440782415&app=music"
      },
      {
        "artistName": "LANY",
        "id": "1435482378",
        "releaseDate": "2018-10-05",
        "name": "Malibu Nights",
        "collectionName": "Malibu Nights",
        "kind": "song",
        "copyright": "℗ 2018 Side Street Entertainment LLC, under exclusive licence to Polydor, a division of Universal Music Operations Limited",
        "artistId": "867853783",
        "artistUrl": "https://itunes.apple.com/th/artist/lany/867853783?app=music",
        "artworkUrl100": "https://is1-ssl.mzstatic.com/image/thumb/Music118/v4/de/d8/0a/ded80a8d-c37e-0a6c-9fe1-4848ed0662fa/source/200x200bb.png",
        "genres": [
          {
            "genreId": "20",
            "name": "Alternative",
            "url": "https://itunes.apple.com/th/genre/id20"
          },
          {
            "genreId": "34",
            "name": "Music",
            "url": "https://itunes.apple.com/th/genre/id34"
          }
        ],
        "url": "https://itunes.apple.com/th/album/malibu-nights/1435482172?i=1435482378&app=music"
      },
      {
        "artistName": "The TOYS",
        "id": "1436280967",
        "releaseDate": "2018-06-01",
        "name": "Stars",
        "collectionName": "Stars - Single",
        "kind": "song",
        "copyright": "℗ 2018 What The Duck",
        "artistId": "1191438753",
        "artistUrl": "https://itunes.apple.com/th/artist/the-toys/1191438753?app=music",
        "artworkUrl100": "https://is5-ssl.mzstatic.com/image/thumb/Music118/v4/5c/33/e8/5c33e8dc-e1f5-e836-aeae-bd464f680b69/source/200x200bb.png",
        "genres": [
          {
            "genreId": "14",
            "name": "Pop",
            "url": "https://itunes.apple.com/th/genre/id14"
          },
          {
            "genreId": "34",
            "name": "Music",
            "url": "https://itunes.apple.com/th/genre/id34"
          }
        ],
        "url": "https://itunes.apple.com/th/album/stars/1436280964?i=1436280967&app=music"
      },
      {
        "artistName": "Room39",
        "id": "1415723628",
        "releaseDate": "2018-07-27",
        "name": "หากวันนั้น",
        "collectionName": "หากวันนั้น - Single",
        "kind": "song",
        "copyright": "℗ 2018 LOVEiS Entertainment",
        "artistId": "285747369",
        "artistUrl": "https://itunes.apple.com/th/artist/room39/285747369?app=music",
        "artworkUrl100": "https://is1-ssl.mzstatic.com/image/thumb/Music118/v4/a4/10/a2/a410a2a2-638b-0fb9-34eb-d3c2fae1bd5e/source/200x200bb.png",
        "genres": [
          {
            "genreId": "14",
            "name": "Pop",
            "url": "https://itunes.apple.com/th/genre/id14"
          },
          {
            "genreId": "34",
            "name": "Music",
            "url": "https://itunes.apple.com/th/genre/id34"
          }
        ],
        "url": "https://itunes.apple.com/th/album/%E0%B8%AB%E0%B8%B2%E0%B8%81%E0%B8%A7-%E0%B8%99%E0%B8%99-%E0%B8%99/1415722889?i=1415723628&app=music"
      },
      {
        "artistName": "Ed Sheeran",
        "id": "1193701392",
        "releaseDate": "2017-01-06",
        "name": "Shape of You",
        "collectionName": "÷ (Deluxe)",
        "kind": "song",
        "copyright": "℗ 2017 Asylum Records UK, a division of Atlantic Records UK, a Warner Music Group company.",
        "artistId": "183313439",
        "artistUrl": "https://itunes.apple.com/th/artist/ed-sheeran/183313439?app=music",
        "artworkUrl100": "https://is5-ssl.mzstatic.com/image/thumb/Music122/v4/ef/ca/a4/efcaa44a-517a-98e3-2353-5bff15471ed5/source/200x200bb.png",
        "genres": [
          {
            "genreId": "14",
            "name": "Pop",
            "url": "https://itunes.apple.com/th/genre/id14"
          },
          {
            "genreId": "34",
            "name": "Music",
            "url": "https://itunes.apple.com/th/genre/id34"
          },
          {
            "genreId": "10",
            "name": "Singer/Songwriter",
            "url": "https://itunes.apple.com/th/genre/id10"
          }
        ],
        "url": "https://itunes.apple.com/th/album/shape-of-you/1193701079?i=1193701392&app=music"
      },
      {
        "artistName": "Lipta",
        "id": "1403893899",
        "releaseDate": "2018-07-06",
        "name": "Good Luck (feat. Maiyarap)",
        "collectionName": "Good Luck (feat. Maiyarap) - Single",
        "kind": "song",
        "copyright": "℗ 2018 Lipta",
        "artistId": "307680660",
        "artistUrl": "https://itunes.apple.com/th/artist/lipta/307680660?app=music",
        "artworkUrl100": "https://is5-ssl.mzstatic.com/image/thumb/Music125/v4/04/49/97/044997eb-48d0-b1c8-a3dd-a6cf84689186/source/200x200bb.png",
        "genres": [
          {
            "genreId": "1260",
            "name": "Thai Pop",
            "url": "https://itunes.apple.com/th/genre/id1260"
          },
          {
            "genreId": "34",
            "name": "Music",
            "url": "https://itunes.apple.com/th/genre/id34"
          },
          {
            "genreId": "14",
            "name": "Pop",
            "url": "https://itunes.apple.com/th/genre/id14"
          }
        ],
        "url": "https://itunes.apple.com/th/album/good-luck-feat-maiyarap/1403893875?i=1403893899&app=music"
      },
      {
        "artistName": "O-Pavee",
        "id": "1352243313",
        "releaseDate": "2018-03-09",
        "name": "คนที่ไม่ใช่",
        "collectionName": "คนที่ไม่ใช่ - Single",
        "kind": "song",
        "copyright": "℗ 2018 Boxx Music",
        "artistId": "550958404",
        "artistUrl": "https://itunes.apple.com/th/artist/o-pavee/550958404?app=music",
        "artworkUrl100": "https://is3-ssl.mzstatic.com/image/thumb/Music128/v4/53/dc/15/53dc15fe-32e2-f7aa-3632-27d4926204ef/source/200x200bb.png",
        "genres": [
          {
            "genreId": "14",
            "name": "Pop",
            "url": "https://itunes.apple.com/th/genre/id14"
          },
          {
            "genreId": "34",
            "name": "Music",
            "url": "https://itunes.apple.com/th/genre/id34"
          }
        ],
        "url": "https://itunes.apple.com/th/album/%E0%B8%84%E0%B8%99%E0%B8%97-%E0%B9%84%E0%B8%A1-%E0%B9%83%E0%B8%8A/1352243310?i=1352243313&app=music"
      },
      {
        "artistName": "The Parkinson",
        "id": "1419990865",
        "releaseDate": "2018-08-08",
        "name": "คนชั่ว 2018",
        "collectionName": "คนชั่ว 2018 - Single",
        "kind": "song",
        "copyright": "℗ 2018 Spicy Disc Co.,Ltd. Manufactured and Distributed by Spicy Disc. All right reserved.",
        "artistId": "931570340",
        "artistUrl": "https://itunes.apple.com/th/artist/the-parkinson/931570340?app=music",
        "artworkUrl100": "https://is1-ssl.mzstatic.com/image/thumb/Music128/v4/13/64/5e/13645eeb-2de1-3411-ac5e-b0f51259950b/source/200x200bb.png",
        "genres": [
          {
            "genreId": "14",
            "name": "Pop",
            "url": "https://itunes.apple.com/th/genre/id14"
          },
          {
            "genreId": "34",
            "name": "Music",
            "url": "https://itunes.apple.com/th/genre/id34"
          }
        ],
        "url": "https://itunes.apple.com/th/album/%E0%B8%84%E0%B8%99%E0%B8%8A-%E0%B8%A7-2018/1419990413?i=1419990865&app=music"
      },
      {
        "artistName": "NCT 127",
        "id": "1438380125",
        "releaseDate": "2018-10-09",
        "name": "Regular (English Version)",
        "collectionName": "NCT #127 Regular-Irregular - The 1st Album",
        "kind": "song",
        "copyright": "℗ 2018 SM Entertainment",
        "artistId": "1101892886",
        "artistUrl": "https://itunes.apple.com/th/artist/nct-127/1101892886?app=music",
        "artworkUrl100": "https://is2-ssl.mzstatic.com/image/thumb/Music118/v4/e1/f2/d6/e1f2d6dd-120a-ddbd-f8aa-8dc7564e7edb/source/200x200bb.png",
        "genres": [
          {
            "genreId": "51",
            "name": "K-Pop",
            "url": "https://itunes.apple.com/th/genre/id51"
          },
          {
            "genreId": "34",
            "name": "Music",
            "url": "https://itunes.apple.com/th/genre/id34"
          },
          {
            "genreId": "14",
            "name": "Pop",
            "url": "https://itunes.apple.com/th/genre/id14"
          }
        ],
        "url": "https://itunes.apple.com/th/album/regular-english-version/1438380104?i=1438380125&app=music"
      },
      {
        "artistName": "MEAN",
        "id": "1248396242",
        "releaseDate": "2017-06-23",
        "name": "หมายความว่าอะไร",
        "collectionName": "หมายความว่าอะไร - Single",
        "kind": "song",
        "copyright": "℗ 2017 LOVEiS Co.,Ltd.",
        "artistId": "1226563279",
        "artistUrl": "https://itunes.apple.com/th/artist/mean/1226563279?app=music",
        "artworkUrl100": "https://is3-ssl.mzstatic.com/image/thumb/Music117/v4/2c/05/fe/2c05fe69-397b-8a72-36e5-9bd4cc673ed4/source/200x200bb.png",
        "genres": [
          {
            "genreId": "14",
            "name": "Pop",
            "url": "https://itunes.apple.com/th/genre/id14"
          },
          {
            "genreId": "34",
            "name": "Music",
            "url": "https://itunes.apple.com/th/genre/id34"
          }
        ],
        "url": "https://itunes.apple.com/th/album/%E0%B8%AB%E0%B8%A1%E0%B8%B2%E0%B8%A2%E0%B8%84%E0%B8%A7%E0%B8%B2%E0%B8%A1%E0%B8%A7-%E0%B8%B2%E0%B8%AD%E0%B8%B0%E0%B9%84%E0%B8%A3/1248396240?i=1248396242&app=music"
      }
    ]
  }
}
